cluster,id
4,00066EA9880D
14,000E6DE9E817
13,0016926B079C
13,00203C45FC55
14,0029F4D19C3F
14,0045BE2791A2
10,004AC288D833
13,0056F3D261D5
1,007ACE74B050
5,007E0CBA8852
6,008C457C8E0B
11,00944C693682
2,00B144412785
9,00BD97EA4041
9,00C6E82FE5BA
5,00D304153840
10,00E3F86E3E6A
1,013B9AA6B9DB
8,0158970BC5D2
9,015BB7DA58EE
1,0167BBA84E43
11,0168325D0E24
14,016A403802E8
4,016F1BA050BB
2,017302FBA532
2,0195CE164102
11,01AFC67DF935
13,01B3A57AB13D
9,01B52B1D14F8
13,01C53183305A
9,01E9D9CD5CBF
8,01F69867D1BE
10,01FE696E9CC2
2,0202B3446E2E
9,021663FD2F2E
8,022EE73C4244
0,023CEE52C08C
12,0242719E9969
1,028A2B1C73AF
12,02A3E737A10F
4,02D889D32DF5
7,02DACD6071FD
3,02DD203E0599
4,02F89B4E55CF
3,0300455258CB
9,030F2D5F039D
2,0350A994E363
2,036F8E1EF7A2
9,037059DAD8EF
13,03BA5E41C5E4
14,03CD4C5553A4
2,03CECCDBCC09
0,0411A43FF828
9,04147BBED91A
0,04217B837E28
4,0424AC66B7C7
2,0428DEB82659
2,043E9B5AFC5F
11,044FD1AE9230
14,046703375973
2,0471B0EB1919
10,048CE592752A
11,0491C7BFA9B4
1,04ACF5873DE9
12,04B4209D8A34
10,04C632140E83
0,04CD9AA9ECC5
13,04D4F9F350F6
13,04D653441263
2,04DEFB0B11C5
1,04F277F6562D
9,04FF4D9B5B3D
5,0507DAFBE89D
13,051C3A22AEE0
1,052136F20DD1
11,0527DB04DCC0
6,053B8755A4FB
2,053DA7D0417B
0,0548DE784D69
0,0557D6B9B3E5
4,0565752FDEEF
1,057AF0C42467
2,057DACBB2B12
9,0581A6F4E804
2,05A06DE4B96C
13,05A6C6DF86A9
4,05B3CD46C701
13,05BA34E2D72A
2,05BE83E193CF
9,05C9186E77DF
2,05D9F32E2DC7
12,05E95229344B
1,05F5B97B159A
2,0628DB049A56
13,0640FE8DF9D6
2,065FB99EB165
5,06936C8AA35D
2,06A2C91F38FE
11,06BE6D6749EA
12,071BF63AF332
12,071FB27E532B
9,072BF1F05F66
13,07397A3E9D8D
13,0741F0C1D776
5,0756FE811833
14,076DBAE9AA98
6,076FE42102A1
2,077394BE6603
8,077A62D46D30
4,077EA8162D03
4,077FC5CBB132
13,07A023BE2629
2,07C19143568C
14,07C6107B301F
10,07CE3E0B4129
13,07CF059A90F6
2,07D075719A6D
1,07D0B701C682
9,07D3CBDEFCEF
10,07E503B34962
0,07ECEB4E4BE1
8,0821EB1AEDED
13,0825571D1A47
6,082598CC8955
8,082E19093947
8,0839B4ACC2AF
2,083C3AE77587
7,083FA95E5371
9,085BDFC05337
4,085CACF9DE2B
12,086603D5B319
2,0878DADF1B3C
2,088C3E8EBAE7
1,08A6AD8C775B
2,08BE7B30414F
2,08E7FC23D9C9
1,08FBDF474AA2
13,08FC0154E0EF
14,09035E72A3AE
3,090D5AC33481
10,0910E011143F
2,091315F8E9A9
7,09133053C474
2,091375884D88
2,09281EFF7A66
13,093BD0824B7E
2,09483BB18BC3
5,09537221A5ED
5,0959BDBD0FB4
9,0961B819A4E9
2,0969066E81F6
12,09770DECD26C
14,097FE8053507
0,099985A2A99C
12,09D40BD05847
9,09DB075C4ACE
12,0A5B8761B187
6,0A5BA91AA8B5
12,0A618B980D2D
5,0A6324CE9AD0
6,0A6C0B6D3925
2,0A6F7ECC5B8F
10,0AA8E5C89F0F
9,0AB5C0C20670
9,0ABF4F99E166
2,0AC09FD13E72
9,0ACB0E08934E
3,0AD7535C58C0
10,0B2C0C1833BF
2,0B30792F314D
14,0B4FAC7A4A8B
4,0B52B1F1265B
2,0B57654EDEC1
10,0B5BFD4E5904
11,0B606C33AC4D
10,0B6B5E779566
2,0B80CB0B2F3B
0,0B81C3067FF2
2,0B8629C697D5
0,0B87B0B3278C
11,0B8A0777A6E5
5,0BA5EF441ADD
6,0BAF08001514
2,0BB0E957B6FE
8,0BB223A348F6
14,0BC016A285DC
9,0BD82CC1FC8C
5,0BDADA3AFF77
8,0BDD43321AFD
8,0BF9F64D6FD1
7,0BFD128F5C01
13,0C06B988433C
1,0C0C473FA794
2,0C0E56A1FB05
14,0C1BFE5E9F69
2,0C1D8179D5F3
9,0C24337CD49E
2,0C2BEA6C812A
2,0C2CD7E1B791
12,0C751C31DE85
13,0C82FD59BA0B
7,0C8DFEAE0ADA
9,0C8E8861F91A
11,0C952AD5C1EA
2,0C95E489AC08
12,0C9DF15EB6EA
2,0CA9AC7879C9
10,0CE521F8D172
10,0CE6E6BF8EA4
6,0CFDDC1CF75A
10,0D18BDF22C59
9,0D220BA8BA23
0,0D34A4F5331B
0,0D359BCEE452
11,0D3AA8470CC4
9,0D45F6F0E185
2,0D6199F762DC
5,0D6F5D6E2E77
9,0D6F9BEBACE4
9,0D7FAACC389B
9,0D89C8189022
7,0D91BAF9E8F6
8,0D91FC8A9FE7
9,0DB48DDD9022
0,0DC3BDC76434
2,0DD32C6E4E62
1,0DDCAFAEA487
9,0DEDD9E3222F
1,0E01BA28D3D9
2,0E0618CA73CD
2,0E0FF9B702E0
7,0E185FDC7CCE
0,0E424AAB5B39
0,0E49EB72AAA4
2,0E550CD08832
8,0E5BCFB10650
9,0E67436136BE
12,0E6BB199BF93
1,0EA4C1D85D69
5,0EA59AC549C4
2,0EAF5E712F0D
11,0EC4EF416F2F
0,0ED28D8A5EC4
2,0ED7102ED5B3
7,0ED86BD7C2F0
7,0EEE131E57EC
2,0EF91AC5D457
14,0EFDADD0CCD9
7,0F0059FAAF36
12,0F10DC1AE015
5,0F13AFF35C0C
8,0F2199921C33
0,0F23D0A1E0F0
1,0F3F6283B13B
2,0F6250B6D784
13,0F62638EB677
10,0F7934223515
2,0FADC137B8B7
2,0FBD2FFA1DDF
2,0FC4B7E09462
10,0FC97658A027
8,0FD5B95A957D
14,0FF049B01070
12,1006FE578078
6,10266FD6FA36
9,1028F5A588AA
1,1037273E86D9
1,103B05DC95C8
13,106394519512
11,1065173BBE31
0,1073917E4351
5,108C28958E5B
2,109DCAEA47FD
2,10BD74EB207B
1,10C8E486AE3C
12,10D09AB4D6C7
4,10E171D3654E
13,10E7A0414D14
8,10F4FEDEF052
7,10F8D3AD9F03
10,11168209A49C
2,113000585851
10,1136D95D28E7
2,11461A6C46C6
0,1155F7A18D6C
6,1160237A1858
5,11647A73E2B9
11,116A338694CB
10,116ED6BCEA4E
2,116FB053BEC7
0,11823089B61E
8,11950E4412E5
2,11A4E36A48AF
2,11B1A5FB25A8
0,11B9AC1814C8
2,11D0BB882C79
9,1248C86D1F56
4,125B2995B3D0
9,126BF47F3939
4,126F954995E7
14,127670CABA7C
2,129427624B81
11,129497C3E0FC
5,12988594D953
12,12A49BF3B556
9,12A61F91FC80
9,12C08C0F6EE1
2,12C119C37C62
13,12C4FDD062F3
4,12C8F1E791D6
2,12D4F74D6E4B
1,12E285708DA2
12,1300CBEB1F39
8,130F9B6DCCF9
12,1313ADFE62C6
11,131614E5C301
5,13224DF00A6A
0,13326EED1708
1,133299B36ADF
5,13457D2F2557
13,134BAA2D43CF
2,1357329AAA22
1,135D6AEDDA9F
2,1361D5E04DC3
2,136441C81C1E
5,1385E7A90736
1,139B1A57D6A3
6,13A4CE233CDA
13,13AF1E268C99
6,13BD2F675384
0,13C74967CE1B
2,13C78F5B1679
6,13CB8629B839
2,13D83C05F4D8
11,13E8EE063566
2,13EE05A75F27
2,13FB62D377E3
6,1445C99DF53B
8,1449A333A335
0,144FB09B0949
2,14543F568419
1,1456B98CAF05
12,1463D1D9EC8F
2,146550E45D18
4,1466D0B06D0D
10,146818D2FAF1
2,146ED0274FC7
2,148CA62EF887
8,1497D777FE12
8,14A542270754
12,14B366E0D9CA
2,14C15C12DA46
12,14CB51AFA416
14,14CC75D0E9D0
5,14CD7481EF35
6,14D6911BF51D
9,14FE56852B95
2,1515B6404750
0,151F9011BF04
2,1525562ED964
9,1541D4F15A1B
1,155ADE36AE80
9,15810FF4CB38
5,1590FD8BEA8E
1,159FA6D54C9B
2,15A2119D5A49
0,15A4F9A6C915
12,15C47E28278D
11,15DF5443F192
0,15E106AF20A7
13,15EAD0CC9F3D
2,15F80BF4B3C9
10,160060CC2418
2,160552DF7DBA
2,16180FD0AEF8
1,1627A070AEBB
10,1638D2DC4FC9
2,163A7C9FCF34
11,163F5BC5FDF3
2,164F2115421D
14,1669F1CC90D9
7,167F809A194B
5,16B47CE3BEBB
2,16D1A7B1BC84
13,16D2B327B978
10,16E4FB7A2BAF
8,16EAB34FDC87
2,1715A8524539
13,171E655CC8F1
10,172F67E7FBBC
6,173DB7DA3CE3
2,178FCB8C1D80
3,179A2FE8AF05
9,17A4777DCC71
2,17C688FD8337
6,17C80F3C80B3
2,17E5C17F1A9F
2,1801F16E35E4
4,184077A08F67
2,1840AEC2DC71
12,1842B5E46878
2,18658BB1E5FF
2,18860E0DA892
11,18A22DA09EF0
13,18AC57CFB338
11,18D68AEC46D6
10,18DD6D2A09F2
2,18EAB669FDE2
5,18EDFBD73F06
0,1911B040B77B
1,1934C9CFDA72
10,193B0EE3BF45
2,193FCB88CF06
4,196782208035
8,197CEA0EF269
2,19AE5A267720
2,19AEDCFA6EF1
11,19C1FF204DD1
12,19C2D7C5171D
8,19C571180C49
10,19D014A29353
8,19E57B0657A6
2,19EFA4F36E68
8,1A04C4505577
2,1A25F592A8B1
9,1A26AFD79998
13,1A2E1741BF9F
9,1A30D1140E7D
10,1A31F3084DC0
4,1A5D1D1C4F14
0,1A72E7E7F1F2
1,1A76F8E4EE76
9,1A9893654A41
9,1AD1F738D48B
9,1ADE56C19ACC
4,1ADE96A7A4D3
0,1B0B7D83419C
9,1B1FBDE25C2C
9,1B2470F552CC
6,1B3701EE4951
9,1B4BA44BD3E9
11,1B4E66B0BE0A
10,1B52BB98FACA
0,1B976DF43007
2,1B9A3BB7082E
2,1B9CD4058350
13,1BB2EB85C41C
9,1BB48664CC6A
0,1BC1E6EAB178
6,1BCF061FF0FF
0,1BD82BE8C639
2,1BDC5F527974
7,1BE3C3E7DE6C
12,1BE638E9C951
2,1BEB13D46E9D
13,1BF9AA238FCE
5,1BF9FD62E30B
13,1C088E6CD17E
9,1C3440A3FFD6
2,1C3A41A2CE86
0,1C41622B0A7A
2,1C54A8400984
8,1C592378CBD1
4,1C638282627C
10,1C6B45AF8116
2,1C7FDCD3337C
0,1C8340F2AEE0
12,1C9693E27251
2,1CCDBD707F65
2,1CD84A125450
7,1CE967B8E5C9
8,1CF149052D11
0,1CF48E3DD535
3,1CF95A009AE5
4,1CF9D84E94C1
1,1D023C6D201A
13,1D0EC331D8F6
6,1D10B524E194
2,1D374A0B26EA
7,1D4FBE746B88
2,1D55D4FF63BE
0,1D6188632F9B
8,1D7E734B4A3D
14,1D8D04DBA122
7,1DAD3DD9D08C
12,1DB195AA7BE3
4,1DC257172C29
12,1DC6485ABFF6
6,1DD339DE06D4
9,1DEDB886B240
11,1E12037C0F98
0,1E235AB03C8A
2,1E2844A2BE02
7,1E2A00D0E43B
0,1E4261B396CD
1,1E5EFF5360E2
2,1E6CE8FB9C96
6,1E7013131796
6,1E7C6D8AB2A2
3,1E85D46252A4
11,1E8C298D92CB
11,1EA525C7EBF3
7,1EC48C7220A9
2,1ED8279252FB
9,1EE05F854764
2,1EF5AB00CBCB
10,1EFA2916E5A8
8,1EFAC87220DC
8,1F06A4B670A1
0,1F07CBB60940
2,1F0B13A90754
4,1F11C3F72282
10,1F30B1F276A7
11,1F3E6E0EF6FB
6,1F56575F6388
5,1F58CB4D5847
10,1F6AB4756E2B
10,1F8354F0A861
2,1F8ECF8C118D
12,1F9026998271
0,1FB2C0AFFDA9
0,1FD98DABF889
2,2007A7232687
8,200AA7A37060
9,2010E484FDBB
9,20162733792B
8,2017D32A0639
12,2022B8E2B360
13,202A2848311C
1,204F13D548E9
3,20897B41AFB8
13,2089EF1099EB
8,20A42E81AC2B
8,20C01368FC3E
2,20C21D4E5A6C
10,20D0120E0F48
9,20D57DEC3EF5
9,20D81D1BE1A6
0,20E41EFD4FB8
0,20F9EE3FEC1F
6,20FE40010F03
9,211C17AD0F75
2,214BC7CE00D1
1,2158A5D15F84
9,216896F62055
9,216A05AF987E
10,217A7429341D
14,2181C567F6B0
9,218490FD2E1B
4,219F04FD37B6
2,21A162D4B0CB
0,21B6AF900F82
2,21C30597D17F
13,21C75B3F290A
11,22049B234D6C
13,22164E215B04
10,223370B9F564
10,22407ED964AB
8,22416450E0EF
2,22603B44E550
0,22715C8105CB
9,2275D39DC5AD
1,2280836E512A
10,22B0E90D524E
1,22BB7EEA0475
13,22D938F5E0E2
9,22E8627A3CB9
2,22ECC2FD37EE
0,22FBB7ED7597
8,22FD17FB1BEB
6,23011CDB368B
11,231A89552BD3
0,231FDA202B25
8,2321FAC1E823
0,2327F7A3128C
13,233A35247566
1,233A9C9D748F
10,234C54F93ABC
8,2352FF50900C
2,236ACE5E8FC3
3,236C5B5C92CB
9,23701C1FBDD2
10,2375E96B7653
12,237968EDE68A
2,237E08ECC729
9,238483C3AEFC
9,23968A5EA064
2,2396B6BC4F67
0,23982EC8FF86
2,23A3812CE15F
7,23AA5F45C05B
7,23AB013DC336
0,23C653E16CC8
5,23C6ED53A179
12,23CC3629CEC0
2,23E182BD3084
12,24122D3D3AED
0,2414D2AF4D56
6,2421208F6A6E
13,242E9BA55C0C
14,243ED18B29C0
5,2446D9BE78B8
9,2450993EB016
1,24687D08CFDA
0,24AD94A6AB3E
6,24B385AF486F
5,24BC9F21DAE0
6,24BCEBE0EEF1
8,24C5ED476177
10,24E0B6DB7B49
8,24FA36D49DB7
3,2513771E4659
8,25279CF8444F
2,253DB9820B2E
0,254DB921E152
0,255F29455E8B
2,2589CDBE363E
4,259706C1BBC3
10,259C2BDB1FFF
12,259C732E5942
2,259CAA746857
2,25A752FB734B
9,25C32F08C197
12,25C41D233D24
5,25C5C068B05E
13,25DE215F8B82
1,25DECA78E234
2,25F9B9BAA02A
9,25FA01853A35
13,26453BA910DE
5,2648CF0962FC
10,264C52745EE1
12,268675CF9C2B
2,2689E413844D
8,268FBF7E756F
6,269483FFAB82
1,269F6428008E
3,26B8039AB3E7
9,26C3C02A1614
8,26E218908B4C
2,26F5F129E53A
4,2710BC110FD2
10,2714214F7D9E
2,271636CCA33B
13,2723DB12AC00
10,27347E260F1C
5,273D52E9DC95
9,274CB6483DB9
1,2751851F289B
7,27837D0F399E
3,279E6B94B3C4
5,27C2C3000FBC
12,27E6536433B9
2,27ECF3416910
8,28314B1AC842
2,2834DAFAB489
2,283F30E12B90
2,2865585E0E34
2,287CDB5117E0
13,287F79B6D6F6
13,28823EC65BA2
13,2897B71A5E94
14,28A7B5B9219E
0,28B41BD59C3D
7,28B90FB1EE8C
2,28C1E6A5576E
2,28D8A6A8A99D
13,28DB1BCCB6AF
11,28DB8FB12DF2
3,28E2327785FC
4,28FF2BE0AB1A
14,2909EE180A2A
2,2912B4A5D526
0,291AAEA628E1
14,294099CEB05C
10,29450AD2A452
13,294C41270CAB
2,294CA62F98EC
2,29534C6BD280
13,29687C1F98F1
1,296D2E892341
0,2971AA64D618
2,297F3F4B6B58
10,299591FA8205
2,299C0AA4D716
2,29BE895CD900
10,2A2F04CC199E
10,2A35A23BE3C3
5,2A4C1A1AD665
13,2A52459E72AD
0,2A53E83B0090
1,2A5FFA718E2C
1,2A624BC3D806
0,2A665076893F
12,2A7C4A1CBA41
0,2AA857755DA3
13,2AAA5F2F5270
1,2AAE2550DDAD
2,2ABF91C208B8
13,2AC01E3AB211
5,2ACB43DD4A24
7,2AD1E61D9F7E
2,2AD3F67D6348
1,2AE0D00CAD7D
8,2B015051803E
2,2B1C42B1F534
7,2B23459A3938
9,2B2696900DDF
0,2B3601A69135
2,2B3DBFA4579D
0,2B48EAC02BF3
2,2B4A794ED0D8
11,2B4BE109A9D7
5,2B5011D4C860
14,2B53D5D29EAE
9,2B5560516314
13,2B557F0EF764
10,2B568E2031B1
0,2B573F9EF4B0
8,2B682084579E
6,2B683EE1691A
2,2B7612A3D793
1,2B7A8D15B50C
2,2B8301B2C7B7
2,2B8374B25171
13,2BA422F3619F
3,2BAB4CB3573E
1,2BB14634D9FE
10,2BB1B9853257
13,2BB327C90883
2,2BB4BFD96ABE
2,2BB9A0AD9F82
1,2BC448B88B54
9,2BE74BE251FE
13,2C0023E82D72
10,2C021FD670EB
6,2C0A4D88629E
12,2C0D4A3D4590
4,2C1337136521
2,2C20FC3AC128
0,2C2C377C45D0
10,2C2CF03355C9
6,2C469434A463
12,2C4BB3ACA451
5,2C670AC05A4E
1,2C7061AD8E4A
10,2C7750B811F3
2,2C78AF6ADD75
2,2C8521890B5A
2,2C8EA34FDC34
5,2CB23505789E
2,2CCC9DCFE253
2,2CEA555561C1
9,2CF5EC4E36F2
12,2CFBD4AA7BE5
5,2CFF8146A4BC
2,2D011A75157A
9,2D08A68E70CD
11,2D10F2D7A580
0,2D13EF90C1FA
7,2D21E920F1B0
0,2D35D2209C2C
1,2D5869DE8592
7,2D5E45654C18
12,2D5F50B0E765
2,2D617E37684A
0,2D644290FFF5
2,2D654BBA9310
9,2D71611B9278
11,2D73663127C2
2,2D8C767B44E7
2,2D9481E29A45
5,2D976D9E1787
11,2D991610AC9C
8,2DA25C61D18D
0,2DABAC90201A
4,2DBFE64834A2
0,2DC33D804E4A
9,2DE95E7D6776
2,2DEC6F2AE21A
2,2DF86580B7E7
12,2DFE8246A388
2,2DFFB145BE07
9,2E0AF5C8526F
12,2E1C25D6F265
1,2E4427B65439
0,2E4A8624CB67
5,2E4A88C4D580
2,2E4AFCD3987F
7,2E57A0350FFD
0,2E67DBD40D46
9,2E7245D9A04D
12,2E810318FBD2
7,2E86ACD1A766
6,2E8CD9C797B3
2,2EA7BBA9340E
5,2EAE515F6F39
6,2EB12DA322F4
14,2ECCE525D35D
14,2EDC00346850
14,2EEA9454E26C
9,2EEB19BB460B
1,2EEE167F8C62
4,2EF823A45135
1,2F19735DD6EC
5,2F1FD58DEA2F
2,2F2A39B3108A
2,2F3B801D2C6E
7,2F4428039BA4
11,2F523DD862F0
1,2F5B4EFC880B
2,2F5D1019C0DC
2,2F5E6E85679A
10,2F7B32094BCD
4,2F9499C7A36E
10,2F9C2FCB6880
5,2FA001A3D229
2,2FA703D6B89C
13,2FC6AA5BBAE9
6,2FDB1B6086C9
2,2FE74FFEB8A3
8,2FF49615D63E
8,2FF6C7542D18
12,2FF9836001F4
2,30045307DB37
9,3005ADCF9F86
14,300B76F37D8E
4,301D48946CB9
2,30293E16144E
6,3030A5BB7889
7,3034D1B95D44
6,3052DB170D3E
2,305B4157DD19
9,305F26C237E3
2,306BCA39D2E9
0,3085F5ECF4B0
2,308E3A168F23
10,30935D02377A
14,309BE8E1DCF1
9,30A900519B84
4,30B3A5EACADC
2,30C6A72F5821
2,312812841AB3
9,312C1164A2D4
2,312D8CFDF5DF
11,313229323B6E
2,3165FA4998BC
12,317C1C9BCDA0
8,318C3D719F7C
13,318F40822873
13,31998D3364B9
8,31A3040F487C
0,31B358884D0B
1,31F08BEA89C9
12,31F19F915306
12,31F4831C794D
2,3214BA8B26E6
2,321FA7E39731
1,3245CF7D6A64
12,3254ADC7B428
0,325B922888A7
9,325FE13C0550
6,326DEFF8D486
0,327077093C68
13,327AAC23CF5D
14,329C6644B488
0,32A121824D02
1,32AA6576C80B
13,32B2D5592E1D
6,32C41C1CBA06
14,32D0A06A0A23
13,32D3B300954A
3,32D94C1BA4A5
12,32E2949B0C66
2,32E3A5BDD0B2
2,33008B95DE9C
9,331502EB3762
5,331588D6432C
5,331CA007D0AD
10,33475A71956C
2,336787F2B202
11,336F8093CF86
1,3383B3E35D18
2,339048408CDE
6,33ADAAB38BFC
10,33E67D072963
13,3404A30E92C7
9,340734FCEDC4
7,3415EF8F87AA
2,34263BB26432
6,3426E5BCA485
7,346934F6BA88
2,346D40A69BBF
2,3493BED78E8E
7,34B96B0F6EBD
10,34C430A25890
11,34C979F3ABAA
5,34E1D0E60106
5,34FB9E0DF44A
11,35011B0C0225
2,350376FA39BD
5,35242F4AB789
0,352777B2AE3D
14,35279D8353D6
10,352CEEDDF08C
13,353CAC9AC658
14,3544D0B1BCDB
5,355534539B7E
1,35694DE1F9DE
5,3579E5EE4EC8
2,3583374DF150
8,35C1EF0AD877
0,35DA1D474645
10,35DE2CC6BBD9
11,360B5117F715
0,360DAF43CFF9
10,360F4E7D2631
2,36403757FA10
4,364FBA0A27EA
14,3671DB5110C0
9,3679FD464B98
1,36929B945E29
2,3697185C117D
4,36D263A9ECC7
9,36F89CC566E6
2,37019C8C1ECD
5,370732B4F376
2,3712A5E56380
0,3713AC622BFF
13,3716F4794AB4
2,371834E7E1DD
10,37513D076D09
11,375EFDE3B08A
7,377548575048
6,37771E9C2A8D
4,378005A2C405
4,37848FC43982
12,37A7110DB0C7
2,37A77BEAD718
0,37D7B6975F21
2,37DFBAA507EE
11,37FBA54D3C15
8,37FC9DB2D1DB
6,37FDBF9C7EE7
4,38068DC463D0
2,38287E1FD26F
9,384D9E9B4369
2,3856538E4B2D
8,3869028BB079
1,387867C1B5CE
9,387FEC6C2CB7
2,38867A20B018
4,389471556AB9
13,38B237B2F190
13,38B7875D420E
1,38C0F11C9F00
14,38D227AB68A0
0,38EB926DE7F0
10,38EEEB5BC11C
2,38F0C2290179
9,38F506B031E1
1,390900163076
2,391455AC0C39
11,392CC0403D93
0,392F93BC6499
12,393BDF8C7897
13,3946C28D4D7E
5,39556E3D684B
2,39568660BDA5
9,396A37B6D921
2,3978B5847C18
2,3980C03BD90A
7,399030918355
2,399C14D08042
7,39AD2FCCD35E
13,39AF0292F9B3
0,39BA457D842C
4,39DCB6EF34D9
2,39DD51C9D811
2,39E4DC4B4915
5,39EA615EA7C0
4,39F8DB13BB4F
2,39FFFE0E3490
1,3A00AE848492
2,3A22A2432F99
7,3A23BC10DD8C
10,3A317901A1B7
2,3A33CD269EA2
2,3A3AD368D10E
2,3A40B235E0C4
1,3A40FAC3D585
3,3A46013B0369
9,3A7412AECF21
9,3A748C1D650A
12,3A777021089B
11,3A88FA2C4060
12,3A98BE969D1F
0,3AA63F8F7D47
2,3AD47B68A985
6,3ADF2D3323BE
6,3AED5A7D58F8
0,3B10FD21BF95
8,3B20A3B52316
14,3B3A47EA684D
1,3B563576DE31
12,3B59052B8DAF
4,3B5EE97C7C53
4,3B61207AD210
2,3B6B5DF452D6
14,3B93FA6833FA
2,3B9A70FC3744
9,3BA0E26A657F
9,3BB86ECD4F58
0,3BBD17BCB443
2,3BC989105A18
2,3BCA170070B3
10,3BD1B5A4F714
0,3BD4064486ED
0,3BDE1763ECDA
5,3BE93D14041D
7,3BF8370D18A6
0,3BFD98581812
0,3C01D1FB2BBF
9,3C0AD7817D49
10,3C17ED55E3A8
2,3C1F9041C565
9,3C2FB67A96CB
10,3C4368A07D88
2,3C5248E5C9F9
2,3C5CFABBA1F0
13,3C693CBFEFB5
1,3C7CCE3A0596
1,3C80E1F48330
5,3C8360258FE5
2,3C89B5224126
0,3C9D9C9C1A16
6,3CA61DE9B5C6
12,3CA8BC5FDD12
7,3CB7F7FC1F29
2,3CBB0AD46687
2,3CCED3AEEF5A
2,3D0919A418E6
12,3D26F9BC9F2C
12,3D303A57E7A4
0,3D3E4F0B74D2
6,3D6607FA5531
2,3D7740BCAA23
8,3D7B1F039322
1,3D91748BFF8D
9,3D93701B4E8D
2,3D97B580A127
4,3D99FC2386BD
0,3D9CBC4F434F
12,3DA49C7B4B14
0,3DA81D432A0F
13,3DAC64829E27
9,3DB1BD9129DB
4,3DBAD6F954EB
13,3DC336733E9F
0,3E6D1917A314
0,3E7CF0FBAF5C
8,3E866ECC376A
1,3E875F22BACF
0,3E914F66058C
5,3EA7F29FFED8
5,3EAC45B15D2C
1,3EBF97F2F31A
1,3EC88BE82F4F
6,3ECD274709E5
5,3ECE3D9AD865
0,3EEBAD2DC744
8,3EEDE8AD3CB3
10,3EFA3EE80C51
5,3F06BE2C68DF
6,3F0A465CBE35
0,3F0C266099A0
8,3F142A739C54
2,3F15318ECD44
2,3F1A4C0C773A
1,3F32AA4DA912
3,3F400A7BC136
13,3F4D8262235A
1,3F59617806D4
0,3F612C6BD191
11,3F63FCA1BD42
2,3F8C4D2CA16E
12,3F8C6F9EBDEB
0,3F949C10F639
9,3F98D44407D0
2,3FA1D435DD1A
6,3FB024B6D050
9,3FC093EFB96C
0,3FC1377C323B
3,3FCC179594CD
4,3FD462C874BF
1,3FDC2CD9FB9F
2,3FDCA0372760
10,3FF0FB7E93BD
2,3FF2F530D590
3,4000B8222A07
5,4023681265EF
5,40331978F344
2,403B4FFD6CA4
5,405A9A2516C4
9,405D9D4958DF
9,40936430B82D
1,4094C6225C49
1,40A475C95D6B
2,40B094686B62
0,40BDB6D6B9A7
9,40E7A7FDF48D
14,40F436B62E66
2,41144C19B669
1,411AE0653A8C
7,4122443C74C6
11,412F965FE701
0,413FE0669882
6,4155D50399D1
6,415672DB1873
9,416154D38103
0,4164C4264ABA
2,4171CB7DF807
2,4178B01DEEC6
2,417C226944D6
2,418DC4AC10FA
10,4193E47EE1D8
2,4195C11B8348
10,419C8EFADABA
9,41C6D3432C49
12,41CC238F5738
0,41DAE20A16DF
8,41E45EFE43AA
8,41E9768ADAF5
2,41F94D05D278
0,4200B5E4E9DF
9,42017C1963DB
3,423A1CA112E2
2,4244E78D4368
11,426D179A5178
7,427A6B619597
9,42814ED28C18
14,4288F88C8D15
7,42A20744DECF
13,42AD5E1F4167
6,42B977C6E77F
2,42C45E57A06D
13,42D8CCA3643E
10,42F0BEBB42B4
2,42F881EA857A
13,430762044028
0,43121098266D
14,4316B5E2B308
13,434616FBA2C7
2,436CA2153EB6
8,436E25853B7F
9,4380C1BD3461
9,439B4B707E10
8,43A603645B8A
8,43A98A5165A6
14,43AF502C49E6
3,43C31084455B
2,43CBE96B374E
6,43EC1533429B
1,43FA2AEEBD18
9,43FDEB1E411C
2,44079A5EEDDE
10,4409FED98F5A
10,441097905601
2,44128AB790AD
2,441A5D13BCF3
5,443033444A5F
9,44442D65C858
1,444DC9706435
2,4453444AF383
7,446A878D528E
0,446C81F7D0B7
2,446CB94BD577
2,4475026EACB1
2,4478B3244F49
9,4483D41956AE
9,448CB43A2D43
5,44A5406282B8
5,44A73349B60A
12,44D318388E8C
9,44D3C95615CA
0,44D73D95E310
1,44DBB635DEB1
2,44DEA88FDD83
2,44E1D37DCE9B
12,44E2726DA1B3
9,44E343ECD9B7
10,44F6DC9C8326
5,450F44822D14
2,451D81265E8E
2,451E43CF8A30
12,451E8369BB76
12,4548C04F9AC7
9,455D0FE2839E
10,4575B9D207C5
13,45775C79FA64
11,457D9B0CF71F
13,4585DE769AE9
4,4595126165A7
9,4597FB4E692E
11,45A87F46D89C
5,45AE96545D1A
9,45C0A94A1668
12,45CF27F8EB92
5,45D156498F73
0,45EBD1AF6D37
8,45EF6A4EDB1A
2,45F644FB9B80
0,46299FE45972
2,462F2BD14BDE
10,4631AFEED2F7
1,46325F9405AF
2,46372618BF29
2,4642829BC8A4
10,4645167FB476
2,465810444E5F
7,465E5E04956D
6,465FAD6FEDC4
9,46607966C5C2
3,4662057D0A77
6,46677CD5B4C7
4,4676279E486E
6,4692ACEC5FF4
8,46A92C87B030
13,46B92194BDB8
4,46BA696395F4
4,46E97FDCA469
13,4722B4D2C6E7
2,47349AAB5C12
13,473FF163E44A
10,47470951BBDB
12,47650F5F247C
0,476E07AEA488
0,477BCBA4035E
13,4790D181C8D5
0,47953D11C79C
2,4797D4343628
11,479B6050859E
4,47A7E2D63D3B
12,47CAD052900E
10,47D025408E0F
2,47F56748F9C4
12,4801AC90F66F
10,4819AB11D62A
14,483B15E6B6DE
2,484C49CBDA30
10,4858280EA8BC
10,486B53D5F8A0
2,486F1C72E20D
5,487739AC4B1E
6,48898FA30C5B
0,488DEE769EEF
0,48984D541995
2,4899B96D932B
10,48B50A9C7D0F
13,48B6B42AF44E
6,48B7B61CE51A
2,48D1D86D5110
2,4905342C1EF9
4,49083564C202
8,490867E5D019
2,490C2D42AFCE
2,4933B56F9E7B
1,49586CD6A649
11,495DF8DE2896
13,4967076F4E7F
1,496EB21D745B
9,497E63C46A84
2,49BF71773C4D
13,49D702493C91
9,49D71438EA8F
13,49DA281C7585
2,49EC678EC9BB
1,49ED2C7B57AD
9,49ED588E79B1
9,49EE396B474E
10,4A12B5FDB00B
2,4A19AA269331
5,4A292725EE82
0,4A4A502DE26A
8,4A5760917477
1,4A5D0595AB31
7,4A7EE66B4695
1,4A8B8527DD14
2,4A8FCC8C7D9B
2,4ABA61F516D1
0,4ACC669C808C
9,4AE962B7BDAA
9,4AEA13D034F3
4,4AFC0853D08D
7,4B048F74F3E7
6,4B0CFB5539BA
5,4B201D2C2152
0,4B358CFBD575
6,4B39C0D759AA
13,4B47096239FB
4,4B4A73217C3A
2,4B6343C4BF5B
2,4B6A52E23DE9
2,4BA61396D272
2,4BB2F265CFEB
2,4BB5ADD5A1FE
5,4BB688100D15
8,4BD30FA12457
1,4BD93FED6367
14,4BD9A9FE0FA4
14,4BDCA46AC00E
3,4BDD636AAE13
9,4C0EB60473E1
1,4C1B24495AB7
1,4C1F76298E24
7,4C2AC8A4704A
3,4C30EEDA3A8F
5,4C3D01DA2767
11,4C3F7CDF30EB
5,4C471936CD75
1,4C51280DE2A8
4,4C543C424527
3,4C587D63904C
13,4C6B05BD5A81
2,4CA37D113612
14,4CA50E2333F2
8,4CBB994F69F3
0,4D05FF3E63BE
2,4D160DA89EB9
8,4D4548484E40
4,4D4A979B1FB3
7,4D4B09BC09A5
6,4D51DD14B0E4
2,4D55C9731228
2,4D772EDF3C34
9,4DB034BFB641
9,4DB817B0DE25
5,4DC0660FD777
11,4DF55925F544
8,4E078101C9DD
2,4E0C8B6B069B
8,4E1A49DAA439
3,4E1C636ABEAD
9,4E1CF079ECDD
1,4E1F37A9728A
12,4E2B21AF8C1D
9,4E2D058C025D
10,4E48D58E859A
6,4E4FAB530872
13,4E6D9C9F9318
5,4E6E66266A2A
5,4E7557A13281
6,4E8255A83429
2,4E83F1166BA9
13,4EAB0293267B
2,4EB6E7B8DEC0
0,4EBE610AF54A
4,4EC4E3EFD09A
10,4ED5C9162A01
14,4EDB197A680E
7,4EE35E322F9F
0,4EEB3CAA6F48
8,4EFC8F589A83
1,4F099BCC188A
6,4F46B0E32EB7
0,4F51DB73DF1E
2,4F6084AE3A42
1,4F616FEC40E0
1,4F627C43D63F
10,4F68A8CE6F27
2,4F72FF874556
2,4F84013E9056
10,4F9E529C1FBD
8,4FAC3B29417F
5,4FC6489E8006
11,4FDB610CDF7B
4,4FE5B872FE61
9,4FFA8AA9820C
9,4FFC4DB08B42
1,500F35F18E1F
0,50122C17BAD4
2,5054EC6BA14D
4,505A9D10C001
11,505E8295E792
1,50670624BE51
0,507CBD8E9670
5,5086805A319F
9,508DB90F68C7
1,50964348BC11
11,509A6BA813C0
0,50ABF43C3323
5,50BCAECC0F0B
2,50DA28892569
9,50F1D8786126
2,5137514F130A
0,5145FF65E5BE
2,51464A01F6FC
0,514ADDA113FD
13,51582221FB88
2,515CEA13AEE5
2,515E8B741A54
0,51634BBDF223
10,5163679C254B
14,516557988F8B
13,5173FB3C75A9
2,518B562DBD6B
9,51CCAD86D2F2
2,51CD300AB688
2,520545C18283
10,52233E7A7574
0,52293439CC0D
14,522A99CEF90C
12,52315F217E9A
5,523EBD9ECA47
2,52432D25C86B
8,52579F4BBE4E
2,525E2FD50DBF
13,527B7AAC2310
0,527EB3C89F2F
1,52835AA731FA
13,52D49831B279
4,530A7F55A2DC
2,530F622827DE
0,5310CCBD5B81
11,533B0CD8AB4D
5,534835158D10
0,5353165D1A68
0,535408616BBE
11,535D71E8C000
7,53653D0A6CBD
6,5369752CEAB0
6,53858BE44997
7,53986279FB2A
1,53A912957FE2
12,53B076D547AE
13,53B21C3A440F
8,53DE53537B56
12,53E064890ABC
5,53F1450AF8DF
8,5402D8B83297
8,5412AD81F965
2,541CC72DE4AE
2,542FD18E9ADA
1,54351180CD4F
2,5445F0F5D9ED
10,545505504662
2,5473EA33D5D4
11,547C43CF3291
8,5484CC372842
13,54A8F5B2420A
2,54AB7FB037B1
7,54B7666CDA35
2,54C324EE765F
2,54CB8D1DFDD0
0,54F17F5A8C3C
12,550102B59704
10,550B399B17B3
2,551BD9A8F311
9,551D2A846180
2,5526ABFE6934
2,552E2FEC5EFA
12,5534E738B129
2,55362AC14974
2,5553B03E281F
10,558299F3D69E
0,55B4B2BFF231
2,55D932D37D19
8,561798F1DC3D
9,56193E77BB71
2,563F7AD6C619
10,5658A5617BA5
0,565B5C8E9B05
10,5662D458F65C
0,567D7BBCEF48
13,5690C4B1DE7E
2,5694D233EAF6
2,569CBA2B3B8F
12,56AC4BE71C2F
12,56C208138AC9
7,56C6D97AF40B
2,56CE93447F80
2,56EE0E1D79CB
11,57076BE40C47
12,5716C4DAFC9E
6,571BE3159B48
12,572236CAAFCE
9,57280EFE34F4
2,5729D5AE055C
2,575107B10B0B
9,57596DF3AD20
0,575C00FBC60A
0,57691ED21F01
2,5773EED58DF2
9,57778A40CC36
2,57807B412545
5,57846986862C
0,578C014A7BBE
14,578F55185BA7
2,57B41EC7CB9A
2,57B68E9AEF5E
0,57CE6ED06513
1,57E1C649E187
6,57E6768B4C73
12,57ED566E615C
2,5816C1DCD336
8,584A4BB1E954
4,584D358FE757
6,58621C689C7B
5,58669BF55DF1
9,5875D6BFC687
4,588CDD2F40C4
9,58B7F73691D2
10,58CE20CD7539
12,58D4330D6F28
10,58DA41AD8D5D
9,58ED581D8B93
9,58F2F77D8FD6
12,5902D762C891
12,5934838B26AD
5,5940D91292F8
2,594169D56D3F
2,5942FB27D5C3
0,596BD7B2FE5F
4,5976F16FE9D2
4,5977CABF7057
10,5988A483AC88
2,5991DAD0977F
12,599620A50158
13,59981B992996
8,59A14F276C3E
10,59A565081D48
4,59A71CF8491A
5,59CD6F1E3E98
9,59D72A2EE874
12,59DE92B483E3
12,5A1EAD973EF6
9,5A230824A066
8,5A3BABA1AE21
1,5A4B52D6101D
2,5A510998E08B
12,5A91E373F462
13,5AD3EAC6A195
2,5AE4D1E1C5F6
0,5AEA8070C6B1
2,5AEDBC21EF30
9,5AF04068D0B9
9,5B1286DD196F
2,5B1604AE437E
5,5B222B47AA21
13,5B225CED16B5
2,5B23F7961CC0
1,5B2EAD37D5A8
2,5B38B644790E
2,5B43D8B934CC
2,5B4D05042A6B
9,5B54CC4A1EBA
2,5B55BC4B128C
7,5B66541ADDCD
1,5B6E4D0EEB87
0,5B9A44B2CF80
9,5BBC05802470
6,5BD888B4E549
5,5BDF483698A5
7,5C01C98F3655
13,5C2A497012B9
13,5C3B7683D560
2,5C44B0B1C2E3
5,5C5EB17E8684
6,5C6687B1AA0B
2,5C66CBD21170
12,5C69070E1E48
13,5C742ECB809D
12,5C7AF7C12082
2,5C8E678EACDD
10,5C911C2B4F28
4,5C9627F63CB8
5,5C9E6CCEAF57
2,5CB2FF0429F3
1,5CC530A8C191
8,5CD0A11E317E
11,5CD16BFB1881
10,5CD698A502C8
10,5CE073B74680
10,5CE0E9A7214D
1,5D01CC697BFA
7,5D02A79930D1
11,5D0C75BD050F
2,5D1A08FC3563
6,5D20393B5BB9
10,5D24FD22556E
13,5D44D3B6B7C3
5,5D48FA3291DE
10,5D5F108C0FC9
0,5D724F93F765
11,5D934B4BED8F
5,5DACADC48565
10,5DB8391BB037
2,5DD063D65899
12,5E178A82D743
2,5E1DEB2AAE39
0,5E295D2E7B76
11,5E3A5B645F49
2,5E461378597B
0,5E57B80BFC66
2,5E5A892CC4F5
5,5E7DCF4A5293
4,5E85F1FB4E22
9,5E879A28D710
8,5E9118C7949A
4,5E9964522D41
7,5EA13764DA34
12,5EB7A0B134B4
2,5F1044A9C6A6
13,5F1ED0796466
2,5F626697DD15
1,5F931A3FF8F9
1,5F9EA3F22EDD
12,5FB1A7C1D694
9,5FB75CCB31F8
2,5FBEBF4F7E1D
2,5FC3B96C3EA1
2,5FE588C6DDB5
1,5FE67C1664B6
14,5FF1D599D746
2,5FFA4762D642
8,600959D8A343
12,600D15606C01
2,603108B7285B
10,603D38C864DD
2,604B7BE00CDB
2,6058577A0EB1
2,605DDEFB7A40
13,6060D28C05B6
2,60714BE8146A
6,607AB7FA0E57
12,60848B9FED16
11,609C540CAA76
13,60C439A28A94
8,60C9C0AC9F48
0,6100B2E44919
2,611532F64D30
9,611BBDDA35CA
8,6120EF6FC0BF
4,612EB8B104BC
7,6141232BA814
2,615429644163
13,61607C674FA3
6,616F112B59F4
14,617F2F7BF090
10,6180C9A37B2B
5,6183574CA5FC
0,619224AA3A9A
8,6198205BB70E
8,619D4176B04A
8,61A0FEA827E4
0,61AD9851B39D
12,61BABBBB9822
1,61C3ADEA1DD5
2,61D04D45D0BB
7,61DCD93D73F2
7,61E75F6539D8
0,61ECCAC44988
2,620419154DDF
1,62563E5C6E8E
4,6262ED336DBD
14,628019536B7A
1,6298002ACB46
4,62AC1AA7FC86
4,62AD0D768FD8
9,62BC144D48C1
2,62C826B33D79
9,62CA2951FB9B
8,62CA32AA1C52
13,62FC97D29846
11,63001194BE9C
9,6300E798D425
2,63268F421EE1
2,632C8DA9E2B1
2,632D9999C23C
5,6348F3FAB2F4
2,63587869CADC
10,636755267395
1,63687EA6EB28
2,63765DD9525D
10,639453E90BD4
5,63AFEF7824B1
2,63B0C1CE1743
13,63C74FF7DB27
9,63F717BB8C2D
11,63FC4B44DCF4
2,63FEB8D784FD
11,64183B7D3207
2,643B41BE89EE
8,6454763B703F
2,6481E8B9CD64
0,648987861269
2,649B2A197C4A
1,64E72752757D
9,64EE7AB92E51
7,64F2F1AEDE19
3,64F7C12F6811
1,650A40BBAB6D
1,6515C1CC0F57
13,651CE6F22A06
2,653F5908B3BD
0,65552A741D2A
7,65590D44B68A
3,655EC70088AA
2,656C7C849144
14,6578E97B8E0E
4,65922C6DA1B8
2,659461FD20E3
6,65991D1DA389
1,65AB218C2765
0,65AE2F1BF718
3,65B987E219BE
14,65C8F881F296
13,65D771A9D1FD
10,65E50A262677
10,6614342DF86D
6,6621856784A9
8,66418ED2289D
10,6641EA903719
11,665F9322C6EF
6,6661EAEC9023
1,666D50D7F0F0
0,6680CFA0A5FA
13,669954011A4C
13,6699DEA066F3
2,669C59404DC1
0,66ABB3042298
1,66B37D7DE0F6
4,66BB82BD76B2
8,66CBBA95F7C0
0,66CE6C9D0594
6,66D810E0A3D1
2,66E83D44F4A3
13,66EEDB0C0494
2,66FE148BE39B
2,670F2243BADC
2,671AEA2900EF
2,671D0569C835
0,672B0070EEE9
3,67311650D333
2,67325C66D1E0
1,67348F433E43
2,67569429BA4F
4,675BF8AB227B
4,6770F94889E2
8,6776B92E4513
11,67780BCAD15F
2,678A6C5DE012
2,6794A463D2C5
6,6796C7366713
1,67B143000AE2
0,67B4E798A5B4
2,67BD359D8BD2
2,67C12A362ABA
13,67D14DACC392
12,67D58F9FA53C
9,67F2B24AB779
8,67FFAD7BD23C
10,681279579E8A
11,681AE0381A53
13,6867D67B3444
11,687134C8A628
4,6874FC63CF20
9,688370E9E6F1
2,688BD7FE6932
2,689AA040C1A2
9,68B6142F4EA9
0,68D87C1576F3
2,690409AA7E69
14,690D4166C20C
8,690D9455E629
14,6910A7FECEEA
1,691DF95F51C3
11,693C3112ED21
6,693D502DB723
2,694238280A93
6,697647371E0B
12,698E89BCF1FD
10,699EBFBA9770
12,69A1A0E6B176
2,69ADC83F4BBE
4,69CF251771E1
3,69D18D73D53A
2,6A088E8BBE02
2,6A099CADF367
1,6A11844C8AD2
8,6A273D6F0816
3,6A2F708CAA8B
0,6A49432C3001
2,6A59D543AE54
7,6A6651ADD38C
1,6A7C43E28A55
4,6A8D21EBA6DB
4,6A91EB21FE91
0,6A97E65BBE95
14,6A988A538ED8
11,6AAA584CCF70
2,6AB345CECE0B
12,6AD64F9A9437
8,6AE4BFE2E5CF
2,6AFC2BA228ED
12,6B030715E953
2,6B0FE655BCD1
0,6B34AE0F8DBF
0,6B4F37D30E7C
14,6B56C630FFC5
9,6B61F68D4B21
9,6B648AFC9FCF
2,6B6A7138292B
2,6BBD726B840E
5,6BC10E78A82B
14,6BEDE1C49244
3,6BF54A9F8383
8,6BFE57AA416B
6,6C014506F9A2
9,6C09B4AA6A77
10,6C1C86ECD6BC
2,6C2348EA83BB
13,6C30C0076FAD
11,6C3788371B29
11,6C3B801F92D2
0,6C3B81B109A8
11,6C3DE9491C5E
2,6C3E863C67FC
0,6C3F752AFF5F
2,6C50FC009033
2,6C5A6D1D0C13
2,6C60C14AE38A
12,6C7C9840311F
13,6C991A1A6C39
2,6C9A5A8FA2F9
9,6CA078E0C93F
4,6CA3EC0D0FC8
10,6CAE55B3180D
4,6CE2817B7E7A
8,6D1FB567121E
5,6D43A188D1DD
2,6D70F7B79D16
2,6D757AA2C340
9,6D7E6399624E
0,6DAE6E1E7492
12,6DEFC88D4E0B
1,6DF04169C765
8,6DFB980B835D
3,6E154A9B7943
9,6E1B4AF3CDC3
12,6E3219126915
11,6E534D6E2282
1,6E5F2ED42575
5,6E6BCEE073C6
2,6E919842050C
0,6EA56718315A
4,6ECD533A72F4
7,6ED32B9136F8
1,6EEAB9FBADDF
2,6F0ECB93B03B
2,6F142E71AEF1
13,6F271187D67D
4,6F5B58C28A2D
12,6F7CCB64354C
9,6F8200CADE90
10,6F868B506EB5
2,6F896BABB13C
0,6FA24C314388
10,6FA5454B11D4
9,6FAA9368824D
11,6FAADEC1F061
4,6FB4BDEE27AE
2,6FB60C290F5A
6,6FC359E7AFD1
2,6FCD57CA5E41
9,6FD0E82AB64D
6,6FF3C3A95428
1,6FFD7E6D4DF1
0,700BD7047E86
2,708AB9D67FAC
14,709156BCF733
9,7091F3705B94
12,709820813997
12,70B291155F0E
2,70B6F3CF220A
11,70CAE1192018
2,70E008E55102
12,70ED039EAD61
9,70F8687E59CC
1,70FA630251FB
0,70FBC86A01C6
10,710819DE9003
9,710EFFD2AFE1
9,711483807C59
2,712A59B74C91
13,712C7781C2D9
0,713EA4487525
9,714651DE19D4
6,71466A710ABD
2,718800CC3C50
11,71A166CD0D13
2,71AF8059184A
0,71B6B3BAAD43
12,71BF2F475B65
2,71C6704EA7FD
0,71CF98E09876
9,71DF40C12652
1,71E850FCDA63
4,71E9F0BA4A2D
1,71FD8098572A
2,720030D83705
13,7203112033A1
2,7219B95E033D
1,722E19E62C10
2,722F0DECA31C
10,7245B7DB7729
2,7263826C2217
1,72705C852528
8,7277DA6BE697
12,727DE3CD0AEC
10,728BCEE2399D
2,728DD08A8342
0,72AC5F226827
10,72B22E89D0EE
10,72C11495DA32
14,72D8B5600A8F
2,72E8EFB1A713
12,72ECF408E30D
2,72F56A4CC1DE
14,7301B174090E
10,731D759856F0
4,732394E7D26E
11,7323FA189167
10,733DB414740E
13,735346F7F34E
2,7361AA14D6EE
2,7388CA48B5E1
2,738E215A237A
4,73A5A2871074
4,73AE93492275
6,73B7AA4CFB1C
13,73CDE1582FCB
5,73D52BB6390A
13,73D69658CF95
14,73D6F19E24BD
2,73DC1D49FAD5
13,73F69FA2E0E3
2,74036EED2163
8,7429789954ED
2,743F1B934A96
4,7440926E8961
13,7443D525E32D
5,7450531F9573
4,74540DF965DE
2,745F2414FCA9
2,746BC0AD4761
9,747B06CF4DA3
14,7480BDC7C131
0,749A62B003A5
5,749E1B13022A
10,74A95DB15E93
2,74CA2200A7FB
8,74DAEA65F420
2,74DD3C49B848
13,74F07823BCB9
0,7500A3088217
11,7507EC0790DF
2,75119D54385C
0,75215659EBB3
3,7534BB13F2D4
8,753E320B186B
2,754CED955EFD
11,756C640A36D1
10,757E9E1595A7
9,75818DBD4DA2
8,758703E5BF73
2,759754F07F7F
9,75A613E09762
10,75A635A498F4
3,75AADDF98A77
6,75B4C84E8AC3
2,75B64811DC65
4,75C06F2B5826
12,75C2D5CE58D0
12,75C4CC1ABECF
1,75C65F266CFD
1,75D302ED4DF2
4,75D73C6EA19B
9,75DD5C0C5050
1,75DD90F67191
4,75E9D43EB9E4
2,75EDF0FEA5F1
0,75F4CDC7BB69
9,7614540E8571
2,761B16CEE6C1
11,761E554AE3D8
13,763EF698F56B
13,764CF7C9DF70
2,76537E8BFF12
13,765A364BDA2E
2,765F4BB0381E
10,7672B22A2D8F
14,76764A83DA39
3,7685070B6629
12,768885A4B61A
0,7699AA6DF309
1,769FAE6984B9
1,76A03B929C4B
13,76C0FD26B20A
0,76C3430373A4
8,76CDE9069DBE
11,76D43DB8CC85
10,76D57BCC7A10
6,76D946F75D6A
7,77013FCECE6F
10,771C8CAD2E80
2,771FA4E3B7A8
3,7742D58270C9
2,7748D6B51DD8
9,7752756F8C62
13,776FBF88E6FF
5,7770B90F2FEF
13,777E8CA790B3
8,7794085FE26D
6,77947A3CBF0F
11,779F2D5A9B6D
11,77C40DA262AC
9,77CF3644F240
2,77E61AB52214
9,77E7C5CFF241
13,77E95471DE20
0,77F943B02A60
0,7804C4E627BF
4,780B302C5523
3,780F45FB6F2D
0,7811131302BA
12,7811A36C87ED
14,7820048B53C8
13,7863164BA896
2,786C86C9ACFE
2,7879F32BC3FF
8,78B951722074
10,78D5951B96C5
0,78F10D62A0DC
6,7903205CD088
9,7915BE25917E
2,7927FA99C0AD
6,793379D7FAE6
13,793517BB1BB3
2,7942E0DE4B51
8,794A0704B01C
10,795558799D7A
13,79662DEC0A1B
1,79766A7A3911
8,79887DA7C1B1
10,798A81F6D572
10,79B23EC7E834
2,79C245E3C9C2
0,79E32F48A399
0,7A0C11980EB8
12,7A0F4648B341
2,7A2D0B189298
8,7A347C69D3D1
12,7A3E4D5F7F6D
4,7A40839A44E2
5,7A532625FFDC
11,7A86EA9E70AC
2,7AC66E0CFAAA
2,7AD34830967B
7,7ADE90498A72
8,7AFEC882B9F5
9,7AFF516471C0
12,7B0D23FCA29B
2,7B1981581BC7
8,7B52C05A4BDB
10,7B5D27D241EA
14,7B64BC831CD9
5,7B751C9BE162
4,7B9A897C5297
1,7BB7EF3AD4C6
0,7BDF02EBF9F9
1,7BE2D386E765
0,7BE3B580C5DB
2,7BE3FAF66A0C
2,7BEB99575D62
2,7C057FA3B1CA
2,7C06DE3320C2
4,7C32A43580A5
10,7C499255C798
3,7C4E2E967B41
1,7C57BE3EF6BA
6,7C7D34EB1627
2,7C8094BF63DE
11,7C8B867A0A1A
10,7C929E4D63A5
9,7C9AA3346458
1,7CE58A7E90FD
2,7CE8F3872E67
10,7CEB4836BAFA
0,7CF45AD6A333
9,7CF49F831E85
4,7CFABEFA5DFA
3,7D08A1D7086A
2,7D14E283380C
7,7D378AEFD0C3
10,7D462AA4E1FC
12,7D577B9D3888
10,7D5909D8FBA3
11,7D59699BB70F
13,7D5D980FD05F
2,7D681EE99FF3
2,7D6BE3FB87CA
11,7DA8E80C2FAF
8,7DF12B42AB72
2,7E0264CD0ADF
14,7E026B760EA0
0,7E2EF53A56BC
10,7E3CDEFECEC6
2,7E3E96B4F614
4,7E4687A7CAB1
4,7E492FFD9778
8,7E54AA9ADF2B
0,7E6236F28B06
13,7E8238B5BA1C
12,7E873F1E93C2
9,7E97F03304F1
13,7E9D8E4921CD
2,7EA97A6ED4C7
1,7EAB25FDB984
11,7EC34F21069A
12,7EDF56FCB4AC
0,7EDFBE24CF70
2,7EE7A20BBBD4
1,7EEAB865D2C9
6,7EEC3E21D0C6
10,7EEC55B04308
1,7EECF753189D
2,7F01B2A58AF8
9,7F220FD6CACF
2,7F2C6238F4AA
9,7F513E5DA945
1,7F62201FA024
13,7F63036D0C59
13,7F6795CE405C
2,7F89720B3C67
1,7F8D472D06A1
12,7FB02EF0CF58
11,80031EC3D9B6
3,8003F62C4A0C
6,801C34D883FD
1,802C65A883AC
3,80373BDFB665
8,8058E20D84BF
1,80591C680EBC
11,806100760821
10,80619550D955
11,807DA420BA94
6,80875397FA07
5,80889A79B329
1,809AD723F37C
2,80D39980B802
2,80F8A9574B21
1,80FC88FA6032
8,80FE1A70F85C
2,8102E7EE3D09
2,8103123D75BC
1,8105CDA99A3C
7,811B878CE2C1
2,811DE32FCE53
9,81587E82D64B
4,815D2A09CF1B
2,81745F5FFCB9
9,81A4938D3986
4,81B0FFE6659F
4,81B6F6345F55
1,81BC51842FBB
2,81E51029477E
2,81E6FDB0A4BB
13,81EB648B5B51
9,81EE0A1746B9
1,81F1DBD56E0D
4,81F537995AC6
1,8212DA6D0656
13,821366C0A216
9,821972DE4E6C
1,821EFD80EE4D
9,82223F37DDCC
14,8248E7E6E2A0
1,82514A286403
1,827472D8F8A9
2,828FD0B64062
9,82B175592A9D
0,82B39D03262F
4,82B3CF7114C7
7,82BB2259D709
10,82BBC3EC5C3A
0,82BC11EA5744
13,82F7210163B5
3,82F91FFC49DE
2,82FD6318B4A5
6,836389DC45F4
10,836A3BBFA12D
12,8387BDBA7F9B
1,839FDA058989
13,83AE9B85F6FD
2,83C1CC6938F4
7,83FB519F21F2
12,84305C417C4B
9,8439B0D3B7DC
2,845DB3AC386E
13,848CD0BA745D
13,849228E9ADD8
2,84AD2A5BF53E
11,84CA98DC9D16
13,84D821F541E7
8,84DA3A4E84CC
8,84DB11599420
9,84DC528FB9BC
7,84DE135F319F
13,84EC5D05E3E2
1,84F4ACD3C467
1,84FFEF07FB0D
5,85004BC426B1
2,850401568E9C
1,851B84DCDFCA
12,8521B650F8A9
9,852FFC3A2437
2,85417E9C78E7
9,855398650C01
0,8555ED31A266
6,8563982CE8C7
11,8579CD3051BD
13,85808F0851D8
14,8586AF2475F3
0,858751B7BB17
7,85882575BD1C
9,85983B2516C5
0,85A320C7B916
3,85B22ACB7FBC
4,85B74EF4E441
0,85D4CB998D62
0,85E38E898579
13,85F4C57672EA
4,85F71FCFED32
11,85FD6510C00A
10,86052928ECB9
9,866DBF36BC7C
9,866E03D00129
9,86A3A166AA67
12,86A511A55117
8,86D1F207868B
8,86E5ADAE8206
10,86FB71F29A12
9,86FD29FA8938
9,86FFB72A8AE3
2,870D9B35F20A
5,871287046F85
6,87186C957B20
12,87258EA0A73C
10,8727FFFF8441
13,872A3AAEC127
12,87328D07C574
2,8732FA1BF586
6,8745FC479838
12,876A650B692E
2,877D0253BD80
0,877F6174E222
11,8783DB652376
3,878BE2C1F6FB
5,879F0C1C09CD
2,879F248F7934
12,87A3A28A5EB8
0,87A6EF3113C6
6,87A974F87B12
13,87AF2FEABA83
4,87EF1E52C4E6
2,87F529DB9D27
10,880F6C543080
2,881F756EF94A
9,882808C92A6E
11,8836AD393A34
2,8842FE99EC98
1,8855A0898835
9,887BBBE0CCC5
10,888D36BD7FD3
1,8892A2EB9E0C
7,88AF43473E2F
2,88B016E70B03
3,88B8F8666DA0
2,88BEB108EA83
11,88DD3D58EA57
2,88E81B040A5A
10,88FC05DDCC92
8,88FD7FAAFA90
2,89039D21E960
2,89163FC7FAE8
6,896F322AE281
2,897004C788FB
0,899E6252BD6F
11,89A2F3489EC7
10,89AB334EE7ED
10,89C55AA2CA12
4,89CE2C3E8E32
12,89D979169B57
9,89EE36DCF117
1,89FC42E46703
2,89FCD2B81990
12,8A3F92425ECC
13,8A4D99910F10
4,8A60E09A7062
13,8A63149E402C
0,8A658A988B96
13,8A745CBCD81E
11,8A8B13591181
2,8A8F6BCA1D23
5,8AAA87E056FD
7,8AB22571E72E
11,8ABA260B3B98
2,8AC3B251DDDF
5,8AEFE911A7ED
13,8B095EB24288
0,8B19F3C51A0E
10,8B24D2970F52
0,8B2B8A57D84B
7,8B4A0DD4A3AE
2,8B4BBB3F601D
2,8B5A7E5D7BB5
2,8B64BA63E623
11,8B696D4A84A0
2,8B7A871FC14B
5,8B8155332486
9,8B882092B4A7
6,8BA0BFC49C4F
9,8BA8BA5260AD
3,8BBA4BC818BA
7,8BBDEC4FD82E
2,8BCA72A4D66C
13,8BCB7962E7E3
13,8BD74B7B3DE2
2,8BE2FA4CDD8F
12,8BEA456945B0
12,8BFA8777316F
8,8C0D1A4261C0
4,8C10A8ABF46D
9,8C155B1DA8DD
13,8C15FC3C3BCB
0,8C438E75385D
12,8C4ED47912C3
11,8C55F83A618F
10,8C5FF7AD4E99
2,8C62721A56E0
1,8C9A286F5351
9,8CD442C14869
13,8D0E03A58CC9
1,8D242A52F9B3
4,8D2688E8706E
13,8D2C20BDCDE0
6,8D47E7F9968F
1,8D4A0D4CD2C2
0,8D4DEA77D545
12,8D509BBA7DD5
4,8D5DC914F9F3
2,8D69369DEDA2
9,8D6EE82E31D0
2,8D7CBF2251F1
2,8D9D207D883C
8,8DA0B80420FC
4,8DA3804EEB25
1,8DE7DB4D3F8A
0,8DECBFDC0EB8
12,8DFCC03C34D8
2,8E6CB58E9762
2,8E938A38BA43
1,8EB905FB00AD
2,8EEB5226121C
8,8EF7C2316736
13,8EF9BE158AD3
2,8F1AF7F5E129
7,8F33151F0334
2,8F47C4F378EA
9,8F4907E2D511
3,8F55A0B21609
4,8F6F0CD4986A
10,8F78D1ABFDB6
1,8F7D96205308
5,8F85E4509835
2,8F899DE6880E
13,8F8BCC081DC6
7,8F8E1AECFE27
1,8FA202BD4570
2,8FE2640ACE99
0,8FF749312D49
11,8FFBD4C432B4
14,9000217714BE
13,900A879708F0
8,90212225F733
9,902A59ECB525
8,90345B5B064D
12,906B27CFFFA0
2,9071D5352B7E
12,9072C97C4481
2,907316B4566B
13,907B493FEF99
8,909404A6C673
2,90981BB41313
2,90A95275B80D
1,90B7EBED2F5E
3,90BC4A0EDED0
1,90CA5D1644D4
0,90F40592D04C
11,90F9C06E19BC
9,910B844ACCA1
0,912848EF6E5E
13,9151F588041F
4,91546651749E
2,915D19B0AB77
9,915D9EE27FFB
2,916117BFE2A1
13,9165D265E932
13,916958737B60
0,916E7E75FC4A
2,917E4889D3EF
10,91962F622C5A
7,91AEF41A3766
6,91B00B44402B
13,91B1F82B2CF1
12,91B2B7072E51
0,91BE694E60E0
10,91E61EF42E33
2,91EDDCB68A9E
10,91F40B0CFCC3
7,9207F5E4EA09
0,920DC8B0BC4E
0,922293101A74
0,9224F001F074
9,922D3C44BE46
1,923CD5D638A8
2,9244152BE347
4,9247667DBA49
13,924D8175D100
7,924F1F4490F9
2,924FE77F61C9
0,9263362F551D
9,928548A07586
10,9288FF19115E
0,92909B8C3BF4
11,929CEA8DDB32
4,92B43D8267C7
1,92CB9173A201
10,92E97E947628
10,93106B20FE87
9,93203D30E46D
13,9329A9DD13F2
10,9343CC458B7E
6,934980B8A79A
11,939718B6780D
4,9399DBE21A35
11,939C163906D1
11,939E66CC3A0C
4,93BD4F6919DE
6,93C0100883BB
4,93D2F780054B
5,93DC556B7C04
0,93E10E079796
10,94000E9DF26E
2,942ECB176B3A
4,9447D5C6EA03
14,944FCD948396
4,945820293694
2,945CCBB52DED
2,945DC098A326
9,946C874A9CCD
9,9483857CAA80
11,94A8B4DE1712
2,94B72A7C1E6B
5,94DF4BBF522F
12,94E1D46A0544
2,94EFC5F3ABB2
10,94FE94B27DCD
9,9500B623A6AC
1,951BF63BC21A
9,951F417BA64F
5,952CB87D4897
8,95765CEE7D74
12,9579E25F6CCC
2,957C84D3B1F0
0,957EE90E67F9
1,95874BE012EB
0,958BACFAF66B
0,95A558C8882D
2,95A6F680F078
2,95AF46110F14
11,95BC127CB3A2
2,95CB51270760
0,95D1717166FC
7,95DC8A3C2EFD
12,95EE2E824EB6
11,9604D30A25AB
1,96141BA9C7BA
12,9615F113FAA1
2,961D937626F7
12,9627B47C10DE
9,9631D2A1BB2C
11,963859B3739B
0,964639CCF90C
6,96A010A50052
8,96B312BD472F
6,96B8F7A4DAB9
2,96BF2953ED8F
1,96C077AC2014
13,970171A0AC8E
7,9706F8E7D534
1,970A1848B187
6,971158C1AE69
4,9715D8D6F842
12,971D0C1C75F0
9,97249F8DF48F
12,974383195606
7,974C176869EC
12,9756E31C449F
13,97622A00565F
10,9780A12FCE0D
1,97A158DCC4BF
4,97A5F803C874
13,97A6E516249D
2,97B417D0B9D9
2,97DD2D770B03
5,97E7DD4E7C69
10,980850873AB7
10,985A02A10642
1,9865A4972C51
0,986C125C24A1
9,987ECCF90CE8
4,9888F16554D5
12,9893E88CAE61
13,98A2AD61198B
0,98B33A9F1D9C
9,98B95C21BEF8
8,98EB307EB4CC
2,98FD2BF096A9
10,99037D0468C8
1,99216EEE458B
9,9922F6B9A55B
2,992AD0F505B0
9,995330686089
9,996E2B328D4E
2,9976385A501C
1,997D5145CB33
12,99863EAC8F7F
1,998A405C5352
14,998B12C291DD
13,998E0F68318B
9,99C25C797D74
13,99C687C4B554
10,99C8EAF5A468
2,99DD22237B48
4,99E3E923B36F
8,99EBD3D71311
6,99FD4F79B07D
14,9A0972A02B2A
1,9A0B8CB86C16
2,9A12F67BA18B
7,9A17574BAA2D
0,9A1DC81E4FB5
2,9A529A48D35F
0,9A5ED3C1D48C
8,9A79069BB83A
6,9A7E9F3D7FA9
10,9A7F7ACCC1D9
9,9A8B992CE622
4,9A9C3C57D474
0,9AA193ECC201
2,9AEBAA2BE62D
0,9AED08D70C4C
2,9B0344F83C66
12,9B55594B1361
0,9B94E6359412
14,9BD577FF5D3C
2,9BDB556267D8
11,9BEB8A30BE1B
9,9C0B44764ED8
4,9C1132980450
1,9C22F6D8C827
2,9C2E6F09CC73
6,9C4444C557FB
8,9C480C68AA9B
0,9C6C90C996C5
1,9C88B308AF78
0,9C88FA75BF98
8,9C95AF195D21
6,9C9F8BC72552
0,9CA73E4BA19F
10,9CB26CEEE2D7
6,9CC05FDD1C8F
2,9CD92F1E2599
7,9CE197B2A9F9
2,9CE836599EEE
14,9CEF76DD7310
2,9D0934987831
2,9D254F20E5D8
0,9D42FF4BDA82
8,9D7DC07877A6
13,9D8B3825C355
6,9D967AA72C96
1,9DADB9F1BFFB
2,9DB4A7109AAE
3,9DBB8B0C3367
9,9DC1EE4E5674
8,9DC3CADE8953
5,9DCA96730E4B
0,9DE0959F746D
2,9DF8A166D993
0,9E1B8D4EA6B0
13,9E24FDD5A196
4,9E298AE3C1C9
10,9E2E1FDE4D15
9,9E329AE0D772
8,9E3A10CC0A72
12,9E4F43374DD5
4,9E502030CA7E
8,9E61674DE1D4
10,9E6D1C0F5762
2,9E924CD7FC66
11,9E93D3D95C5F
12,9EABE5CEBE94
9,9EAD1B4831C7
6,9EADCECA2FB8
6,9EB66AB2C95F
4,9EBE86E9B255
1,9F0C2B822B76
0,9F5DFC4C8BAE
2,9F7080A8AC9E
6,9F71393177F9
9,9F73A77C612F
0,9F7BAFDB7636
12,9F7BBA5FC646
0,9F83C5864EB0
8,9F9FBC5BF6B3
7,9FA7B30CC4D1
9,9FAA72C47BB0
9,9FBD2D259388
4,9FC7CB71EF7B
6,9FCA0338E29B
5,9FCF0C8C83C3
2,9FDB425F1FE9
2,9FE339BCFE2C
3,9FE9D9EB5111
12,9FECD0D50903
8,9FFC1CFE7CD9
4,A0181C244D0D
6,A0215B1294B9
1,A02D5B12D66D
5,A0448AC8783F
12,A053080C69A4
12,A0D96DEF2ADA
9,A0DEA37279E9
13,A10226201F3A
10,A103E161D9C7
2,A11991A7C4CE
10,A1274B901F55
10,A135E9280900
6,A138DF27F153
9,A143BE759AD2
14,A148C659E98B
1,A15649448050
0,A156FB0E388E
9,A157CD4FC4C8
2,A157D4491C7E
2,A15A51E83757
8,A165EEC2E930
12,A187E6D70752
9,A1F48D16C67B
2,A20D6E252177
14,A2237589F0FE
2,A23FF67A91B5
9,A24EFA2DE8DC
0,A25EE918057D
6,A272AD6BD9AF
10,A279E174CA64
6,A27F852ECCC3
13,A28E9B475935
12,A29CD7941E1D
2,A2A749DEC4BE
4,A2A80E683990
7,A2A9327526F7
3,A2DAADAB1433
8,A2DAD0A2B796
1,A2EA2EC609DB
2,A2FA635C9590
2,A30020B4E5DB
0,A3041B0D7D5E
9,A3047C282C45
9,A319351F1036
9,A32414F5B216
0,A32A838D1C3F
2,A34F66AA1F99
2,A37EC2666F34
13,A38187259EEE
0,A38F35A9F711
0,A394F82B98D2
2,A3960A410B74
2,A39A5B1F2538
0,A3AD25786D36
1,A3B1F9DB5721
2,A3B7147D30B1
0,A3BB032558E2
0,A3BFEB7818C7
2,A3D23CFB2043
10,A3D4D71B62F4
6,A3EA9A580A6A
10,A3EF457B5F61
2,A40F9F8D7CFC
6,A4104F998C73
13,A42A600EEB0D
2,A42D860C93B0
3,A43D4896E15A
7,A44D40ED0F9B
12,A44F6859B4D8
8,A451B2D00666
11,A455B4430327
2,A478B81F277D
2,A47BE7BB6F08
2,A49E1A5FA91B
8,A4ADCC04C319
1,A4C33694BE0C
2,A4C9096A123B
8,A4E6E2D5658D
9,A4F0BACE1010
8,A4FBD7A27089
10,A500CCF711B0
7,A50C90D2A2A0
2,A55300746CE7
2,A57F5B6E1247
8,A588F05DC41F
4,A59032F47FAE
1,A59C88B945A3
13,A5A55FE930C4
0,A5C943C27546
12,A5DA0D5410DE
10,A5DD0CEFE045
6,A5DDC612408C
2,A5F662EBF690
8,A5FBF588B2F4
1,A602D45D22B2
0,A615D47180DF
14,A61D07193089
12,A620127943B6
12,A62EBECE741D
1,A63EC24F1DD4
1,A6504C463F7E
3,A6527612255D
9,A65A82E9C85D
5,A66B5A9D1F00
4,A67828F23302
2,A67A947BBFB7
13,A67D3F549FAD
1,A681057AC54F
9,A68BE59D62B4
8,A69B61336132
6,A6B380D5DEBB
1,A6B490224E67
12,A6CD1CF86FC6
2,A6D70DC96AB3
1,A70FB3B842D7
10,A723DDC8ABF0
5,A737705B81A4
0,A7431EE1E25B
10,A7642F5617E0
2,A774A4991BB1
2,A791047275B9
2,A798DC70F3FC
2,A7A467BDEE14
9,A7AF38D7EB8F
4,A7B069D3B600
11,A7D201133DAD
2,A7EA8CF2F203
4,A7EC6F462F8B
2,A803835B8164
12,A814BD710140
1,A817C51F0787
12,A831BFD2DCBE
2,A8411CE08C68
2,A850DCCFB6DE
2,A860BB507256
2,A8683674019F
9,A8A25F94F5B6
14,A8B4C79F9954
2,A8B5DBFB7936
11,A8BBE9026DC2
9,A8C8456C352B
0,A8D21847EA6D
12,A8D9AE4B4259
5,A8E73414941A
2,A8F2D9005A0A
9,A8FD11F16108
9,A90D70556372
4,A9105216AAA3
2,A91A08E523D5
2,A924B3431D21
9,A92899103F3B
0,A93C6DA5B026
2,A93FA7E8FB81
7,A954E3B54194
6,A95B8B50E0C1
2,A9694C187893
1,A969E6903C17
3,A96CC7C93B2A
4,A98E8EFFC8A9
9,A9B0314D6914
0,A9D670ADCE41
13,A9F45F81526E
7,AA01A40D15DA
9,AA0660FA9196
9,AA0B42CF00A6
2,AA0FF7AA95C3
0,AA23423F78A8
2,AA3205AA362D
10,AA3A35044E77
4,AA3F8EC40764
6,AA42E3966A3C
12,AA45F6AB9AA9
2,AA4620DAA6CF
2,AA6AAA8F8407
7,AA7A452C4D9F
2,AAA72CBAC7F8
14,AAA9670F8168
4,AABDFA8D20B1
3,AAE4139C25E1
2,AAFC3D84F9A1
11,AB02689C1A9B
12,AB0403712FA9
10,AB127AC65E33
0,AB199403D486
4,AB1C30F7B3FA
9,AB2D3DFD55CD
2,AB3622039528
2,AB59B37ACAED
14,AB5D516FC4C3
10,AB5D77D7E5A1
2,AB741655902E
2,AB8BE95ADDD7
5,AB8EFBD82820
1,ABB7625615F2
13,ABBA50242CFA
8,ABC4770058F6
2,ABC648A86887
2,ABC9EBAB6670
0,ABCAF2A8A893
12,ABF484B46756
12,ABFE420BA213
0,AC1E6307E966
2,AC2463899B0F
1,AC38AA9C5E8B
1,AC470B5D0675
7,AC55C74991AC
1,AC588B53A805
2,AC5AEE18D31E
8,AC5F232F9F99
3,AC71A062B952
10,AC78193CD7B9
8,AC7C84C2A13E
1,AC871BBF14B5
13,ACA08DBF39EE
2,ACAB1FCA0A30
12,ACCD71550365
12,ACCEC5D34B36
13,ACE3E472041C
2,AD005493F9BF
2,AD1914496798
10,AD3C6F02167E
11,AD3FFB7CA387
5,AD53B357BD0D
12,ADAE8A21CE9E
1,ADB68BCD2874
7,ADBB29D9E179
6,ADD7CE85B73C
2,ADDA081EE98A
13,ADFE2CDB6FF1
0,AE0BBF382263
8,AE37AE3F79C7
2,AE3C9DE4FA94
2,AE3CD422AAF4
11,AE587E8BC0D3
10,AE5D214AAC85
12,AE6BABB53D5E
13,AE6BE874B204
9,AE6E407DC359
5,AE7DE878CED5
2,AE8CA585DC1F
6,AEBBFD25000D
2,AECB1177BDC1
2,AF0BC75F4DBC
2,AF1C86BFDC2D
5,AF345723174D
11,AF3D63DA7CB4
7,AF4796CA4BC0
2,AF5C9DA63FB1
12,AF637B7047FB
0,AF66DEECF5A6
10,AF6EA8391841
10,AF90C62BA52D
5,AF9AAA672210
4,AFBEA4BA2D3C
8,AFCE5307F69A
9,AFCF10293B9A
9,AFD739EDDEA9
5,AFF882607973
0,B0007528CB4A
2,B000D7B81799
10,B02A4DDA8FC7
2,B02AD8EE0DF0
0,B05A40461916
12,B07E96B9767C
9,B07F2237C606
12,B082F1A267EE
2,B0846915EE1A
9,B095598DEE04
1,B098FABF15D7
11,B09E38E0E8EC
9,B0A08E744DF1
12,B0AD7021AB07
5,B0C3BBF86B9B
1,B0C80C0550D7
8,B0CA3173B40D
12,B0CCFA21F82C
2,B0D5228E9FBD
0,B0EA4F7B076C
1,B0EB441FDE3A
2,B0ED18C04F15
10,B111395C3C6E
10,B119CD1A5145
12,B127CFD81E92
1,B133FCABD0AF
1,B1473F247979
1,B150E66D6C5B
11,B154F5F9DADF
2,B15AE8E4985E
13,B15AF429027A
2,B165E46F2D0C
13,B1687066F985
2,B168CD238CA1
0,B181B21A4FA6
2,B1A87B210C0F
2,B1E87F6E9C5A
2,B1EBAAE6E651
1,B1F07D72CCB4
0,B1FAD06077ED
14,B211B7A637A9
0,B216794ACCCA
2,B237EA09433F
0,B2426E4674E7
4,B242BB046FED
0,B24EE1A93A0B
2,B25D365F5C1C
5,B269D53897D9
2,B27585EF3751
10,B286EEAB83F6
10,B28B37BFCC03
2,B29198FD0748
11,B295BC411B70
2,B2C131C2B3AB
11,B2D57A646363
1,B2E85A9A8F9C
2,B2EE7ADD5BFA
2,B2F69B97BC2A
6,B30F7524C444
12,B3176BB24009
2,B321A3B98AB5
2,B3249050C067
13,B32F41984B27
8,B3388EF1E80C
10,B3526897360F
6,B3541C7B8380
13,B35CDBFBD6D1
1,B365484CCA8F
1,B36C72D38CBC
9,B371C925A2B2
2,B37483011EC6
2,B374D93D2A76
9,B37E64E1BE1E
5,B38CEB26C2AB
2,B3948CC26153
2,B3963F9DB39C
2,B39FCEF07F51
2,B3A666840EE1
12,B3A830730FB7
6,B3AB4E6C5678
1,B3CB635C4341
1,B3DCC9D9797B
10,B3E4B633261B
13,B402430B0616
1,B4025ED10B7E
12,B40DD5822E7E
2,B40F33AD93D5
4,B414B1D87DD6
2,B430B6820321
0,B437EB073109
12,B43F583ECE54
2,B4528CE5BB12
9,B45B48157399
0,B460B20EE678
11,B471DC1A142D
13,B4994C771190
4,B4B605F897BC
12,B4C4BABFB290
1,B4CB3063482A
0,B4FD96336393
2,B5015A51C0A5
1,B5113469D13C
1,B51E027B51AF
13,B526BA896931
2,B568E9BC99FD
2,B56ABAADC95A
1,B57C860BE032
8,B5A5CFDCE29E
2,B5BFAD94E4E7
13,B5C606F0A883
8,B5CA9C10711C
13,B5CBE846C3F7
0,B5D9F34D2CAC
12,B5DBDEBA4B23
12,B60AC5648815
0,B64326635AB6
14,B64898B85B89
5,B651AEF954C3
2,B654298A5760
2,B65873355FA8
12,B6754C50B4F0
2,B6813C0A2302
12,B6B2D2FC8F3D
1,B6B384CA5F18
0,B6B7196E454E
2,B6C009160238
4,B6D6666FEF89
2,B6D776FC5087
8,B6F03D0CEABE
13,B7075CD10BCC
9,B709F976724E
4,B717EF32EE00
6,B727B720430B
2,B72D0B4875B4
13,B736B35EC849
5,B73FE4F761D2
1,B7685AA86F85
8,B7819FA33B21
9,B78889CD7103
2,B78A347F570E
5,B799DAFE0950
0,B79ABAFC71D1
2,B79D1BD832C1
2,B79F66D2BECA
13,B7ACED7ED339
0,B7AE34990F95
10,B7BC85276656
5,B7BD520BE938
2,B7C17E1993BA
4,B7C3128E0973
2,B7E1A842F675
2,B7E3F460802A
11,B7E936A82959
14,B7EDCEA9137B
14,B8066E8A285A
14,B83D6D54324F
2,B84458707731
0,B8476CE22AF9
7,B84A7F39D6A1
2,B866BB794434
11,B867F487B9F3
1,B86BB171770C
0,B8757E80EB9D
5,B87D59512568
3,B87E8822B2D2
7,B884018E887C
0,B89BB1FC1E1F
0,B8B5B46DA523
11,B8B64FD4EF6B
7,B8D49BD571C2
0,B8D9250543E0
8,B8EAF80A1409
10,B8FB806ECDA3
1,B902933C58CB
8,B90C8C40C0A0
1,B91A56C03A1F
11,B91B697EB28E
13,B91C344934D2
3,B9347CDF2461
9,B93581E854BD
12,B94059412B2C
5,B947F9493FAF
5,B948C72229B3
2,B94E4F75BA1D
11,B9540E358F73
7,B954492209C4
5,B962DFFBD558
5,B967FC913839
0,B9854217BB04
13,B9871E7972A3
2,B989ECD8F137
5,B996860E00A4
7,B9B45507DDF8
12,B9B653AD964E
9,B9C3E87E3FEA
6,B9CA103F2BF9
12,B9E26FE6A3D7
2,B9E9DC1D176F
7,B9F4BF3DC949
5,BA0183CB23C5
2,BA117C57D525
4,BA1F4C988D94
12,BA2C7291BBFA
4,BA47D0FEA751
7,BA591AF1C837
0,BA71F335957F
10,BA8756AB310B
13,BA881F8A8909
0,BA8BE010BFC6
6,BAAE75D65C1D
9,BAC30ACCEEFF
8,BAC5264E2DCE
11,BAC681996825
2,BACC53ECC1FB
2,BB27E087BE9E
2,BB3A6C2D0B65
1,BB3EBEF87BBB
13,BB4A53A0A9E0
8,BB4B5D896E96
12,BB5B7EE4A1A6
13,BBBC74680147
5,BBDA39C84AF7
0,BBDD46456082
2,BBE0D2A103B3
0,BBE1713D653B
8,BBEE06BD484C
0,BBF34C059226
2,BC0D8223C604
12,BC0D9F77A3DA
0,BC22AA8852AD
2,BC2333002957
14,BC2CAB7DB6F0
2,BC73CEB66875
7,BCA57CE2AFA3
0,BCEBA1D60DFD
14,BCF95C5F4A60
8,BD0D555216AB
1,BD195459F3B9
7,BD3AE65B1740
11,BD7F5D94AFED
1,BD891970FC4A
9,BDA93024CF81
0,BDAAE2AE7BA8
8,BDC4070CF21E
8,BDCD981437BB
13,BDE08546F7EE
2,BDFEDD161F03
2,BE0B11659D82
11,BE1F20C5B099
8,BE243683124A
7,BE24907D6684
12,BE464F52C63D
1,BE58ABE09429
1,BE5B1803777E
4,BE604A32144C
10,BE694C1289EF
8,BE80D73EC131
2,BE88F40828C4
2,BE8F32C4B3BA
4,BE94CF981273
9,BE9881C4920A
7,BEAA8D8A3EFD
4,BECA14914CFB
10,BECFCA5BFABD
5,BEE54D4D2B79
2,BEF460B090E0
14,BF0241C10324
11,BF070C66EE96
2,BF295AF91B15
9,BF2B46872736
12,BF3CC3305C55
6,BF5E801B7FD6
7,BF619ADE9BF4
3,BFA4685DCDC6
7,BFAC540BF099
4,BFB12A13E437
11,BFC4CADADD49
8,BFC824D7C408
1,BFCAD70D40B7
11,BFDD411D610F
2,BFEA78A024A9
13,C02B1D9A374B
5,C0542F9D82BC
8,C05809232F0E
5,C0611756DF81
8,C06AB6F566C8
2,C06F7CD8DD21
2,C072AE8A1572
0,C0767A86EFA6
2,C07E3C23CE7B
1,C086B02B3B90
0,C0897AC15921
0,C08ABCCFBF4D
14,C0AC393B1DC9
2,C0AC797246EE
0,C0B83D85BAFD
2,C0BA22AD7F2A
10,C0BA2FA545DC
2,C0E55316F183
11,C0E94C60E7C5
1,C1043F3C0609
2,C105434DA2CA
4,C10C521A47C3
1,C133EB596A40
1,C13F7CD75B84
4,C162431F429E
10,C1CC3C045CCB
2,C1D354F07E03
9,C1E2F0C453B3
12,C1EAD0C50570
0,C1F74C98535E
6,C20C1032FA1C
9,C21E1457C1D4
2,C23BD7FF7DD7
7,C24C0AF54AB1
12,C25E3A9AA408
7,C268CF77D6E0
2,C270B9B6107C
2,C28B8FFF66DE
0,C295FC9B8627
2,C2A49B846D05
5,C2A6C69714EC
2,C2BAF4ADA2CA
4,C2DB3C695BCF
10,C2E0FC6F097D
6,C2F4EDC43D71
3,C30B2AD4AF0A
9,C30DD2DB1F70
13,C3194A4504F5
4,C319BB7948FB
12,C31E318BE4C1
1,C323ACC08DC7
0,C33B92E8D3FE
2,C380E7F27492
13,C38334385924
2,C39C5D9C9ED8
6,C3A3146784DC
5,C3A369E86900
4,C3B3A972189C
2,C3C4D847175E
4,C3D4F36886E5
8,C3EEDCA21B42
1,C4008B4496ED
0,C405CB0C12D2
8,C4118746172C
2,C41CDE2FD0F5
6,C42978129AAC
2,C42EBA5B3529
4,C44019DF831B
8,C44A40CDFF3A
2,C4804C3EEBD7
2,C48AEB2F1FC2
12,C48F269A6ED8
4,C492123F426E
1,C4B52CBE6186
0,C4C3A58C5939
0,C4C6482B9C24
4,C4CE39433C61
0,C4F0E1CA18F0
5,C4FC27B38A8F
12,C5021AF61E5F
2,C513DCACFD01
13,C5162A975732
8,C51752A9035C
9,C51A802386C6
1,C536086A1C31
14,C5382404A84B
5,C555B9B02440
11,C5569B2725B4
6,C55E6125411D
13,C579A4D6151E
7,C584DEDB2BAB
12,C5A3278EB458
14,C5A56B482FAA
0,C5B3EC7CBE65
1,C5B52323339E
11,C5C6DED9C790
8,C5EDEF3A8C35
1,C619833B1D5D
11,C6204A4BFD65
1,C620D8B8466B
2,C62E3292FB47
2,C65C1B3AA577
13,C6B21B6E5767
9,C6C49435744E
6,C6C50AA537AF
14,C6CD02160C0D
2,C6DE30757F46
2,C70EE5903373
9,C71DC2FEAD0C
0,C71F197DD70A
12,C7373B980F7E
11,C74CBEFD0B9E
13,C75B9C4FFEAD
2,C77B4F63E4B4
1,C79753F72EF8
14,C7A8E7FB21EE
9,C7AD757540AE
4,C7C9C01597EA
12,C7FA88E9DF3B
10,C802F00716E0
0,C8126FF37E55
13,C816339C4D91
1,C81BC69CEE2B
12,C822187BF7E4
10,C83EB6623D24
14,C85EFB28D2F6
14,C86A3BBC881C
10,C879A485810D
12,C8ABD5217114
6,C8AEF0F632C0
10,C8BF047C67E6
12,C8C708EC29F7
0,C8D4EB858DA4
8,C8E9D6F3C80A
2,C8F314FFCCE9
7,C8F439DC14CE
5,C8FB2508978A
0,C8FCE2997372
10,C90418EBE934
6,C9083A6A4955
9,C91254C19BB8
6,C9313379E449
2,C93DCEE52172
10,C955208BEEC3
7,C971348C6C99
0,C978BF282141
11,C987753AC378
1,C9962F63C98A
1,C996FC0CBE10
1,C9AC065BB597
2,C9CAB778C94E
6,C9CB05ABAE95
2,C9D717A3D912
4,C9DFA1392E8C
14,CA12A5A210FF
8,CA2987A57568
1,CA2A9DBBA0BC
1,CA2C96F5B3B7
13,CA4E39042770
5,CA4E67209D3C
5,CA582B3F191F
3,CA5DB05415A5
12,CAC4E6021973
0,CAD2B46606E7
2,CAE2A78F6FF2
0,CAE63BBF4546
12,CAE7D71D66A3
2,CB09A5442145
4,CB2385831D75
12,CB66B685DAF6
0,CB774DEF3A4B
9,CB86688CF491
9,CBA185D3B277
0,CBBDC9BB3F04
2,CBC776495BE0
6,CBD364987E2D
9,CC02E6A858C4
12,CC06612E842A
9,CC3A5AD37340
4,CC4EEADA5262
9,CC54E936E3FA
2,CC5894978F31
0,CC6CFE6D8CA8
2,CC787397F33B
11,CC82A1D80D1A
2,CC96CF4D3854
5,CCA7A1220DA0
2,CCF1C548FD56
12,CCF447CCADB3
11,CD0A8E34A5C0
10,CD0C46A0B2E6
2,CD33A5B0A307
0,CD4B9F6B311B
3,CD7714C1464D
6,CD954674E1A6
11,CD9B8F75E2EE
9,CDBECBAD7FCE
6,CDF2746198CB
4,CDF6072AB1D6
7,CE0CDCBDFD26
0,CE120A8B4336
2,CE3B81539AE0
9,CE3C25E291B2
5,CE5D744B6D39
10,CE64FA08E4CF
5,CE71F3B528C0
8,CE94B3F26D2F
8,CE9EB0366069
9,CEBC3C34962E
2,CEF86741E2C5
4,CF0AA3E3DF6D
11,CF1345B5E224
13,CF43485AE351
10,CF84C9D788A9
12,CF882151082B
13,CF89338D76B5
9,CF8F8964A2FB
12,CF9FB3659686
1,CFA591751173
2,CFA59480F8C5
0,CFAFADA9A2C3
7,CFB5BFF82CDE
9,CFC1F5729C6D
2,CFCB9135F1BF
13,D01060C5AE7D
2,D0187B1F88F7
2,D040AD700709
2,D0432DB2D3A3
0,D04FFF579D2D
2,D06FFBFCBCE5
12,D0733E25A2C7
0,D0859D4FA7A8
4,D0B2235710B6
2,D0B46299D094
0,D0B6CE1FA38E
8,D0C6EB30D833
8,D0D8097D243C
0,D0DAA0A3A4EA
2,D0DF7AB8B493
4,D110D1D93270
2,D1183F23D2A6
2,D1200B924E51
0,D12165A1A427
5,D1400AFDC972
1,D145F56FADED
14,D14F3F93CF54
11,D150C1CD72D5
14,D1618D180128
1,D169E2520168
13,D1748C4CD7B4
4,D176ABB06812
11,D18B9F0D2CB4
13,D1ACADAC5ED4
8,D1AF5CE5040E
8,D1B06A3C02B3
10,D1B97A55865A
7,D1C16D61C365
2,D1DBC69FA526
7,D1E865DE0A88
10,D1FBC3B9A8A4
11,D20BEF9C2CD7
8,D228AB564BF6
13,D234B31FC8C0
1,D23F65F4652B
13,D242BBCBEAFB
2,D251CC495A0E
8,D25C3B9925E3
13,D26C9B0368D0
4,D279FF9C83D7
5,D282E21C2DB1
1,D28927CB06B9
0,D2A667825CB4
14,D2D4AD42B2E1
8,D2F5E24CEEAA
0,D2FB5374A7A2
10,D30490AE8641
13,D30614F0911F
8,D30AC446FAC6
8,D31481D3B465
8,D326DB3F4FCF
1,D32804D6C269
2,D34054ADD2FB
11,D34487073C35
8,D34DFB9BF717
12,D376C98ABBDB
0,D377F569FE8D
14,D3C4B340AB3F
11,D3D2660F2D77
1,D3E0089B305C
9,D3F5104B809F
1,D40B940B5A4D
0,D43178C538DF
10,D4442F757F02
3,D44639122EAF
9,D45032FAE402
2,D4A3E7EC982E
14,D4BB02CCC116
12,D4BC716CE227
10,D4BFB840A534
0,D4CAF981DE04
10,D4D35DDC74EB
8,D4E3104E7591
2,D50B2015BE66
2,D52ADC09CF36
2,D545B7CB039D
0,D54B7CC9CDD4
1,D5667559AD62
9,D582384A4FE6
2,D584B293A28E
7,D594C2B7582D
13,D5A0A8C83A60
2,D5B5FD51EE53
12,D5BF9F290808
9,D5D1E85B3EC4
3,D5D31918A943
10,D5D689030CA2
14,D5F6593584F8
8,D5FDDB4DFA82
8,D60320508249
0,D67BA770AB5C
9,D67D59D24822
9,D67D723785A7
6,D68F66581BF1
12,D69416DBA6F4
4,D69B5E55F39D
2,D69D856DF697
7,D6A32ABCAB53
3,D6AAE9DC566D
0,D6B40BD81818
13,D6B7EE7B040D
9,D6CB8B37F0C0
2,D6D0E7AD9AC0
13,D6E7A5034205
10,D6E91124E3C1
2,D7247C1BB949
12,D7301CAAFAB0
5,D751FAE92161
7,D75B4D14CCAB
13,D786038182B6
2,D786FC589E93
2,D796242EFE4C
0,D7A4DB22C8EB
13,D7B12358DBA3
4,D7C33D289E26
2,D7CF42E7FD3B
9,D7F4D3366332
3,D8013F49DE51
10,D81428AC9545
2,D81FB980878F
2,D828BE60BE57
4,D82CB7B7EC22
12,D84271FC252A
0,D85690C1836A
4,D85B93C13556
8,D8708AEA9667
5,D8728E6AF814
6,D891B1BFC6F6
9,D8AFB0AE804B
13,D8C3DD3A74F1
0,D8D1FA118E4A
10,D8D90E042134
1,D8E67D87842A
13,D8EAAA9AB53B
2,D8ED809B7F92
4,D8F3209E84CF
10,D8F89BE1861C
12,D8FA1F4C6D5C
10,D91B2369C76D
0,D933F289955E
6,D93BADC352CF
2,D9436DDEB3C4
1,D962FD67FF4C
6,D972C6918584
2,D97A2C636D38
2,D9900BD19D55
11,D994B051E6A2
8,D99A8FDB17D8
0,D9A50E9D3E5A
5,D9A9EEDB9D0C
13,D9B24103EA38
2,D9B5F55E6705
2,D9B85CAE8834
10,D9BB6C11F6E3
2,DA0ADB14BDB5
8,DA0FBE6F11C9
13,DA228B928B61
2,DA277EEDBA0C
1,DA3D494E63E4
1,DA44340727CE
9,DA5E92093978
2,DA61159C1E26
1,DA6449D7D94A
11,DA8115F12B50
13,DA86BC9B9FB6
1,DA8C8A4E3A3E
2,DA9ABB175343
0,DAA0F90A5C8F
1,DAAE254A0B5C
0,DABEF78A3A24
5,DAC85E32DCED
6,DACF12F21A7C
0,DB0E754610DB
9,DB1B143B6EB1
4,DB20FBDA9A19
9,DB3351F815E2
9,DB4AA9C5B389
14,DB4B78DAADCB
9,DB58FD0171CD
13,DB9CAE4A0E72
4,DBACBF67A45C
3,DBB077A0818A
11,DBBF3EF47E93
13,DBC53691CD0A
5,DBCC1F8F92B5
10,DBE4FF1CA803
11,DC02852088A0
2,DC1DA01985EF
14,DC2EE6A2F024
5,DC364EC72968
0,DC4E11A259D8
9,DC5BBE514ECE
13,DC5BDFA3BFD6
10,DC67C20F18B4
1,DC83F2FC879B
2,DC9023374572
1,DC93D8BDE631
8,DCABFA6AD5AE
12,DCC03D6E1A60
10,DCC759FDB81B
2,DCDE1C43C218
11,DCDE7152B94E
12,DD1D41CC5388
2,DD2345CB8055
9,DD3F7252F887
13,DD474E5804C0
6,DD586A625C89
10,DD8649A7235B
9,DDA2A181F486
10,DDB424217004
10,DDB51D1B4A5F
1,DDBE5B47593D
2,DDCF594E44D1
14,DDF611F84032
3,DE01C3FDCA0A
4,DE05DCB75D79
9,DE20C186116A
5,DE2A70D1284E
1,DE2BFF400952
2,DE2E4AFB2721
10,DE68828CC67E
1,DE6E0F8EAA59
4,DE78893DB845
12,DE7F02980A1D
1,DE842CB71C02
0,DEA664963CD1
14,DEB6EF459B10
4,DECAE402BB38
8,DECDC46197E4
10,DEDCFAD56126
2,DEEAFEA856D5
14,DEFEAAC01F83
0,DF082C5AC45E
9,DF1287CDBCF6
0,DF4E1B5910B6
2,DF4EFA9A98D7
2,DF74CC717BFF
8,DF76BBCD85B1
9,DF7D4CA4A89E
12,DF890FC7D48F
5,DF9580284892
12,DFB074E89515
10,DFB9E05148CD
0,DFC04AA3DC98
2,DFD135E81E40
0,DFD1805B8F93
4,DFF14B9DA264
12,E018497ED277
1,E0243DB9F8D2
5,E04E83CEF5DA
8,E05ACF2DFCB8
2,E068A1BBFE50
2,E06960D4A6C1
2,E0737CDC1E99
6,E079C8DE0D1E
2,E09064F496DF
2,E09853233CCF
1,E09942089364
2,E0A3FC64B7D3
5,E0B1630FB93C
11,E0C57C8B7FFA
2,E0CD80A39381
0,E0CF4993483B
10,E0ED571AED2A
2,E0FAD617D3BF
9,E10D5E79B0A0
13,E12450BAE343
8,E125061E7C8A
6,E129081F8EB2
2,E14206F97D20
10,E1464913F4ED
12,E151FC867457
13,E1571FAF496E
5,E157A46F6620
2,E1BAC2DFC0BA
9,E1BFD7E344FA
4,E1C5F6D592F4
2,E20123532A69
4,E21AE194E6C7
9,E22134365CE5
1,E22833B1E06E
0,E22EDA0278ED
2,E23D057A2674
2,E243F4B2D0FA
5,E24F801F1C4A
2,E264A3F27D5C
14,E2669D67879F
11,E27F2BAC8CD9
8,E286AD066204
1,E28D7D67A8F7
9,E2A07EFFFA7E
2,E2A9D1243AF9
9,E2B2ABB01662
12,E2BB0AA98EA5
11,E2BCA7B63A7E
4,E2F8D4DEB501
2,E310FB5D4752
9,E313B4A45475
0,E313EE03F35F
9,E3349F640D64
5,E33ACC2CE4A9
7,E34D011F7B98
8,E36560297AD9
8,E37D480CD473
7,E383A10B9A09
2,E386654E285D
13,E39559BF14F2
2,E397850CD3D2
6,E3A519D05CE5
2,E3A689BDA786
5,E3E50332E6FD
2,E3E96A297604
2,E3EC600A1754
1,E4124ED1046C
1,E420A3813AE5
1,E450F87DBD79
11,E4559E81E304
5,E459422C794C
9,E4630B623165
7,E47590B3F2CF
2,E481765F7DDF
9,E4824CBFEEBD
2,E48B9182B257
7,E49A2A338F6F
9,E49CCE901992
1,E4CE3E508B44
6,E4DA68D2918E
10,E4DC7BF5147E
2,E4DEDB16A59E
9,E4EC09FBBC69
12,E4FACBE9AC22
4,E4FC29A88EDD
10,E504081AA343
4,E51103E36330
12,E51722919697
5,E53B5654C0E2
2,E56E7793EBF4
11,E570BB4A5B5B
1,E57528C2CF2E
1,E5856BB0C34A
10,E589B660EDA4
7,E595E218D423
1,E5B076EB95A7
2,E5B1751B2798
2,E5C0A11D06E2
2,E5EA551C69CF
1,E5F47974A6EF
9,E5F4C8EB99A4
6,E60257F8B334
2,E604DD820759
0,E609C36EC225
7,E60A91172B20
12,E60EB5C35194
1,E61D1C3EC9DD
11,E627C066A0F1
2,E63689D747FA
5,E64E850E6E71
1,E66C66D98801
1,E67A118F9AFA
9,E686584E5508
0,E6B9DA32FE13
9,E6F8E5374615
2,E6FDA0489273
12,E7111F690B98
11,E71135F11EE0
2,E721598E54AB
10,E726C5DDAD9F
2,E73329DA93D6
2,E740029E13D1
9,E743F9AC8BBE
13,E74E4865B395
1,E76B78A22B99
9,E7A3DBC919C1
9,E7C5E12F4E84
6,E7DFEA5C3B73
5,E7E7F9BA0F30
6,E7F9A77683D2
4,E8150D07AA28
4,E81B29CC415E
13,E85C45D90D1D
2,E862C9EC5EC5
2,E87BDAB97148
0,E88DDA2FB4EA
2,E899EF61626A
2,E8BDF53BAAA4
0,E8C1C58F8A0A
5,E8CA56DE95A2
2,E8D0E2444ADD
9,E8DD7458130E
5,E8FF0D2483FE
10,E9026A3D93B7
5,E9141ABADBD4
13,E9179F8981D6
0,E91C501B7AFA
12,E9363204BCEF
5,E949DAF7C54B
6,E9739967700C
13,E974D272C14E
0,E97670F90297
9,E978E759F26B
6,E97A5C116E30
2,E9826DEAFF5F
7,E98407C4200B
6,E98F49492C8B
2,E9938C48F7AB
0,E9A2061A9A1D
1,E9BB013E0F33
2,E9C3211DC772
10,E9D72176CA9A
8,E9E9AEC9100C
2,EA1D34C41DE6
4,EA234C38C696
9,EA238A2AE63A
9,EA2BAEFCE4F2
0,EA3B8E4F74DB
1,EA426FFE25E5
12,EA441360E42C
7,EA58637960FB
13,EA5BFD706570
0,EA9FCAE3C575
6,EAC3596461E7
6,EAD3F5B3AE77
12,EAE3A1E3B396
3,EAE4C1EE9FB9
5,EAED55A47DC5
0,EAF6BCA737BD
9,EB10F93974CA
4,EB16CD7EC3E6
0,EB3398FD0FF5
2,EB382D12574F
10,EB3D0704BCF0
1,EB3EBF4BB344
2,EB5021B098DD
3,EB763115B6CD
12,EB793B72A8C4
13,EB7944FDAF63
0,EB8B27A81300
2,EB935594E696
2,EB9D8FFB4F45
9,EBA557BABACB
12,EBBA36F7459C
12,EBBA6790B73B
4,EBD070DAE867
8,EBD36D034DAC
7,EBDFD68450A0
13,EBF9131A638F
4,EC12EE97A834
2,EC145DC83EBE
13,EC1D25B7A42E
0,EC1DD5C739B9
2,EC36E0BE58D8
0,EC3DD758D9F0
11,EC3DE6D436F2
2,EC729FFD9332
9,EC7C81E59E9E
0,EC8FCCDB698A
8,ECD640058D57
13,ECE0D33B9B85
10,ECF63F6AB48E
10,ECF6C77511E0
0,ECF8296772E9
2,ECFAD2825EC6
2,ECFCAAECAD31
9,ECFF63C8CC8C
9,ED164A18D77F
13,ED1EFE97C40F
2,ED321E901AC7
1,ED42630A9FFF
14,ED62619C520F
2,ED6B6A38F98D
9,ED7F7B6E4C8E
5,ED8C3FA6FC82
2,ED8EE1F02203
13,EDACE717C302
4,EDC00F1B2823
0,EDD12BA31EE3
5,EDDFFD34DBD4
10,EDE56797770A
4,EDEB83CB57BB
12,EDF7F5BCBD05
1,EDFF7735A6F7
0,EE0229233F51
13,EE0947EB2C78
2,EE2FC4219F49
9,EE377D38C330
11,EE6CE96959D4
6,EE6DDAF8FD20
9,EE71095197E1
1,EEBA14D4C42B
3,EEC492D89CEB
4,EEC4B41664DF
12,EEC9540E73FD
2,EED4EEF4523A
1,EED67869F816
7,EF08234FA6BE
2,EF0D75BF48DA
9,EF70A0E7826B
0,EF7631952FB3
10,EF835E27D5A3
2,EF9A07AA611F
2,EF9E9C4E5D1E
9,EFA46BC5A89A
2,EFA89B6E6F9A
2,EFB450A2F170
2,EFC2879F0C83
2,EFCA46E0BF9F
1,EFD99673780E
2,F00B4D036D97
2,F00FF00D5C8F
8,F038426B8B5A
3,F038AB4D788D
9,F03E03FE5D3C
9,F065FD9F8D5F
3,F068FD4A28D5
0,F0740AF01F22
11,F074E15D7250
2,F0949D854B5F
2,F09F6824032D
13,F0AA6B265B6F
1,F0E863BDEB82
9,F0F0CD67E436
13,F10231811C61
2,F15EC33EC261
11,F15FFBB0E896
6,F163B4249C07
13,F17A4EF296EB
2,F186ACA75002
13,F18B05581BAA
9,F19978B8C2A7
13,F19F66A28B7E
4,F1A0D1F81017
2,F1A43B355944
9,F1AFDB5CEB25
2,F1B4E351225D
2,F1C996710DA7
2,F1C9FEFF073B
2,F1CE49620429
0,F1EEA3FC1490
2,F20C7101F09D
10,F240F0F6861E
8,F245631F4D97
0,F25BA634ADDD
4,F27691AEE065
2,F27957F2AC4B
9,F280DC36C974
2,F283261888C7
12,F296C5CF54D7
1,F2A3BE5019F0
1,F2A79A33B020
0,F2AE26666823
2,F2B0AA10A7C9
11,F2B86853339B
8,F2C57EEEF02C
7,F2D723344069
0,F2D89425BF9C
3,F2FA6B69F481
2,F2FB7E31855B
2,F309843EDF56
6,F30B7DE35BBC
9,F324DBEBCAFA
14,F32A0A41B697
2,F3310A0DE614
2,F33EB52BBB43
13,F3454E01E31C
0,F34BB022A303
7,F34DD475F104
11,F3580A6BAFA8
13,F359E262A14A
2,F36CC3998B8C
0,F36E4C217F66
11,F3928951775C
6,F3A197A8348C
1,F3A980C4613A
12,F3C003AF7423
13,F3D1C6C6C574
9,F3E8A109AE05
8,F42FF5B7D208
8,F43B82E81D75
10,F44018D39BEF
2,F452B9456B45
1,F456754DA472
10,F45F03EBB2CA
2,F47252812301
8,F486B5722EEB
0,F494E7D49939
2,F49FF10DA5C2
11,F4A3A95F16D8
8,F4A3B4B14952
0,F4A576AD01D8
9,F4DB6C7A51BA
2,F503C7DC334F
12,F50D3D001E67
5,F52B9A0882BB
5,F53C55BBD326
13,F54BD89B665A
9,F55EF5BB5CB9
2,F562A7ADF5CD
4,F574FF3D3C6A
1,F57B42D73FEA
10,F57F48291B12
11,F5D927221FB8
2,F5EE08CB44B9
0,F5EFE72B5E63
10,F5FA868674D9
1,F601382A47E1
10,F62295251C0D
3,F634BC92DC39
0,F63F47E95B90
2,F64457891D40
8,F647D77D7396
13,F66EAF7D640D
2,F680F4460788
13,F68A995107BE
1,F699067454F2
2,F69CFE5AEDCA
12,F6A15556865B
6,F6A2AEEBDF0D
12,F6A92E43251E
13,F6CA5589DCDA
1,F6CFA4C7247B
12,F6DA09C9C0C1
9,F6E5F858A19A
2,F6F4D85648D6
2,F6F60CA6E983
3,F7115AFBA798
1,F7137F027A05
4,F71A1E42E4B5
0,F73047E4DC36
1,F73601F409A5
12,F737FB396F2E
13,F739195A9518
10,F73ADEA6A74B
2,F744ABAAC3FB
2,F74C46C14E72
8,F7561C027920
0,F76B24B4AB78
2,F77057DAD75B
2,F772E0A3152A
8,F776F9881474
7,F7D1D884AAD4
2,F7E8813101B4
2,F7F9373BAEA4
0,F7F9EB5D0F2D
0,F84A7FCFEF76
6,F84CB4D0589A
10,F86616365497
1,F86C71E10A78
9,F86F94DCEB33
2,F8706CB01394
12,F880CDD90C95
11,F881AA0F9990
1,F888B0ABFB36
2,F8A06DB4A5CE
8,F8C22ACD1774
2,F8FB4470A52F
6,F908A9D980F5
11,F91D7BB4277C
8,F9238D9E5631
3,F92664C55FBB
7,F9368F6BAB62
12,F93D06BC99D8
11,F9448F4CD1E8
8,F955CADBB6B4
8,F955CE7D650C
2,F97EF0C23821
7,F986BF53A8AD
10,F986C612AC3A
11,F988DE4C8A4F
11,F98E8D4EA700
11,F9B111EB508A
9,F9E6665D7693
9,F9FFECDE9A53
0,FA03BD616C6B
0,FA130E0C813E
0,FA15A1E3BF2C
5,FA1CE35CA43F
11,FA20F1758F03
8,FA2BC6C3A09B
8,FA35444BD9C6
13,FA38B62F80E5
12,FA3E37900E3D
13,FA49F4D9E6A8
11,FA4FE7706A1A
2,FA591109B448
2,FA62EE04FAFA
13,FA87416EF173
5,FAA638E881EB
13,FAA9FC1B315B
6,FABE0E966789
11,FACC34F1875E
7,FACF20D0D847
2,FAF658D1034B
8,FAF91DDF582C
2,FAF9437BCC50
14,FAFDA54C78E1
2,FB05272DAD57
2,FB07A07B9082
0,FB1553163CF5
6,FB1DB922DE1B
2,FB2ED8D952A6
7,FB528A6DAF0C
5,FB56AA75F65F
0,FB6A513EBFC6
0,FB6C139752AA
0,FB7DB9D91933
0,FB8C67F0AC92
4,FB8F29B936CE
9,FBABC3FB451D
9,FBB861DBF984
6,FBC7DC3C27C0
10,FBC98CE96EB2
12,FBD21BB50633
4,FBDEE9B13087
2,FBE13E9A446C
1,FBE4AAD08E49
9,FC1196671EE9
1,FC1E77760D5F
12,FC27ECB471A4
10,FC39D2688C50
2,FC44783E32EE
1,FC481B7DC611
9,FC5C7E89577A
2,FC79A84D783B
7,FC7A3692794B
11,FC9BC150809F
2,FCA226021172
10,FCB208A4710C
13,FCBD4BC9112B
4,FCD5E2EA7372
10,FCF5D3ED5218
9,FCF6588BC52B
12,FD05FDCEA11B
7,FD0C32EA0E5B
0,FD1C07651D9A
8,FD562A12092E
9,FD5F79937C4E
5,FD8A9514C8BC
2,FD8FFDC82D48
13,FD97228DE00F
12,FD9CC83A98C5
12,FDE359A2F973
13,FDF0AEEB14C3
11,FE018F15F8A4
10,FE21B0B76C9C
6,FE3141FA4163
5,FE3CA06DDCA1
2,FE4703854EB4
9,FE47325AD93F
2,FE477BD61B22
9,FE9AB60822CA
0,FEA33BCE1FB3
7,FEE1811CCE57
1,FEF2CAFB3483
2,FEF2E1612F55
13,FEF42864AE28
9,FEFB6689114B
9,FF01B32BAC3E
2,FF07E6BF0858
9,FF11B4681D78
0,FF35257B6394
7,FF4A215D86BF
11,FF5FC173E506
2,FF6086271D2B
9,FF7164909305
11,FF7AFA7FF8B6
13,FF8BAC351714
0,FF9684AB0131
13,FF9E0379CD98
7,FF9E159AEEF0
5,FFA381E58FC6
2,FFC43F453EF6
9,FFD97A99CEBA
8,FFF868E06176
0,FFFF80B8CC2F
